sname,rname,order,city,province,geometry
上海富锦路(地铁站),上海地铁1号线(富锦路--莘庄),1,上海,上海市,"31.39404506,121.42000808"
上海友谊西路(地铁站),上海地铁1号线(富锦路--莘庄),2,上海,上海市,"31.38308783,121.42330572"
上海宝安公路(地铁站),上海地铁1号线(富锦路--莘庄),3,上海,上海市,"31.37135416,121.42627176"
上海共富新村(地铁站),上海地铁1号线(富锦路--莘庄),4,上海,上海市,"31.35688994,121.42942848"
上海呼兰路(地铁站),上海地铁1号线(富锦路--莘庄),5,上海,上海市,"31.34152185,121.43308404"
上海通河新村(地铁站),上海地铁1号线(富锦路--莘庄),6,上海,上海市,"31.33295683,121.43692739"
上海共康路(地铁站),上海地铁1号线(富锦路--莘庄),7,上海,上海市,"31.32077824,121.44245648"
上海彭浦新村(地铁站),上海地铁1号线(富锦路--莘庄),8,上海,上海市,"31.30845444,121.44404066"
上海汶水路(地铁站),上海地铁1号线(富锦路--莘庄),9,上海,上海市,"31.29441571,121.44565559"
上海上海马戏城(地铁站),上海地铁1号线(富锦路--莘庄),10,上海,上海市,"31.28176347,121.44743254"
上海延长路(地铁站),上海地铁1号线(富锦路--莘庄),11,上海,上海市,"31.27355265,121.45074729"
上海中山北路(地铁站),上海地铁1号线(富锦路--莘庄),12,上海,上海市,"31.26078422,121.45463391"
上海上海火车站(地铁站),上海地铁1号线(富锦路--莘庄),13,上海,上海市,"31.24914458,121.45110607"
上海汉中路(地铁站),上海地铁1号线(富锦路--莘庄),14,上海,上海市,"31.24378287,121.45413023"
上海新闸路(地铁站),上海地铁1号线(富锦路--莘庄),15,上海,上海市,"31.24029698,121.46360999"
上海人民广场(地铁站),上海地铁1号线(富锦路--莘庄),16,上海,上海市,"31.23463192,121.47058976"
上海一大会址·黄陂南路(地铁站),上海地铁1号线(富锦路--莘庄),17,上海,上海市,"31.22467231,121.4686937"
上海陕西南路(地铁站),上海地铁1号线(富锦路--莘庄),18,上海,上海市,"31.21914406,121.45539229"
上海常熟路(地铁站),上海地铁1号线(富锦路--莘庄),19,上海,上海市,"31.21527685,121.44645981"
上海衡山路(地铁站),上海地铁1号线(富锦路--莘庄),20,上海,上海市,"31.20641737,121.44182586"
上海徐家汇(地铁站),上海地铁1号线(富锦路--莘庄),21,上海,上海市,"31.19357994,121.43351904"
上海上海体育馆(地铁站),上海地铁1号线(富锦路--莘庄),22,上海,上海市,"31.18388461,121.43165632"
上海漕宝路(地铁站),上海地铁1号线(富锦路--莘庄),23,上海,上海市,"31.17011773,121.43008327"
上海上海南站(地铁站),上海地铁1号线(富锦路--莘庄),24,上海,上海市,"31.15646891,121.42541632"
上海锦江乐园(地铁站),上海地铁1号线(富锦路--莘庄),25,上海,上海市,"31.14409852,121.40946646"
上海莲花路(地铁站),上海地铁1号线(富锦路--莘庄),26,上海,上海市,"31.13278476,121.39826644"
上海外环路(地铁站),上海地铁1号线(富锦路--莘庄),27,上海,上海市,"31.12279218,121.38838039"
上海莘庄(地铁站),上海地铁1号线(富锦路--莘庄),28,上海,上海市,"31.11305321,121.38073913"
上海莘庄(地铁站),上海地铁1号线(莘庄--富锦路),1,上海,上海市,"31.11305482,121.38073897"
上海外环路(地铁站),上海地铁1号线(莘庄--富锦路),2,上海,上海市,"31.12279196,121.38838081"
上海莲花路(地铁站),上海地铁1号线(莘庄--富锦路),3,上海,上海市,"31.13278559,121.39826736"
上海锦江乐园(地铁站),上海地铁1号线(莘庄--富锦路),4,上海,上海市,"31.14409996,121.40946646"
上海上海南站(地铁站),上海地铁1号线(莘庄--富锦路),5,上海,上海市,"31.15646924,121.42541688"
上海漕宝路(地铁站),上海地铁1号线(莘庄--富锦路),6,上海,上海市,"31.17011758,121.43008376"
上海上海体育馆(地铁站),上海地铁1号线(莘庄--富锦路),7,上海,上海市,"31.18388466,121.43165633"
上海徐家汇(地铁站),上海地铁1号线(莘庄--富锦路),8,上海,上海市,"31.1935793,121.43351841"
上海衡山路(地铁站),上海地铁1号线(莘庄--富锦路),9,上海,上海市,"31.20641869,121.44182738"
上海常熟路(地铁站),上海地铁1号线(莘庄--富锦路),10,上海,上海市,"31.21527736,121.44646166"
上海陕西南路(地铁站),上海地铁1号线(莘庄--富锦路),11,上海,上海市,"31.21914424,121.45539322"
上海一大会址·黄陂南路(地铁站),上海地铁1号线(莘庄--富锦路),12,上海,上海市,"31.22467128,121.46869346"
上海人民广场(地铁站),上海地铁1号线(莘庄--富锦路),13,上海,上海市,"31.23463149,121.47059015"
上海新闸路(地铁站),上海地铁1号线(莘庄--富锦路),14,上海,上海市,"31.24029759,121.46361042"
上海汉中路(地铁站),上海地铁1号线(莘庄--富锦路),15,上海,上海市,"31.24378202,121.4541295"
上海上海火车站(地铁站),上海地铁1号线(莘庄--富锦路),16,上海,上海市,"31.24914525,121.45110492"
上海中山北路(地铁站),上海地铁1号线(莘庄--富锦路),17,上海,上海市,"31.26078415,121.45463493"
上海延长路(地铁站),上海地铁1号线(莘庄--富锦路),18,上海,上海市,"31.27355414,121.4507472"
上海上海马戏城(地铁站),上海地铁1号线(莘庄--富锦路),19,上海,上海市,"31.28176291,121.44743264"
上海汶水路(地铁站),上海地铁1号线(莘庄--富锦路),20,上海,上海市,"31.29441566,121.44565462"
上海彭浦新村(地铁站),上海地铁1号线(莘庄--富锦路),21,上海,上海市,"31.30845379,121.44404111"
上海共康路(地铁站),上海地铁1号线(莘庄--富锦路),22,上海,上海市,"31.32077889,121.44245723"
上海通河新村(地铁站),上海地铁1号线(莘庄--富锦路),23,上海,上海市,"31.33295756,121.43692787"
上海呼兰路(地铁站),上海地铁1号线(莘庄--富锦路),24,上海,上海市,"31.34152204,121.43308366"
上海共富新村(地铁站),上海地铁1号线(莘庄--富锦路),25,上海,上海市,"31.35688981,121.42942786"
上海宝安公路(地铁站),上海地铁1号线(莘庄--富锦路),26,上海,上海市,"31.3713543,121.42627226"
上海友谊西路(地铁站),上海地铁1号线(莘庄--富锦路),27,上海,上海市,"31.38308741,121.42330627"
上海富锦路(地铁站),上海地铁1号线(莘庄--富锦路),28,上海,上海市,"31.39404472,121.42000927"
上海虹桥火车站(地铁站),上海地铁2号线(夜班)(虹桥火车站--龙阳路),1,上海,上海市,"31.19598311,121.31443044"
上海虹桥2号航站楼(地铁站),上海地铁2号线(夜班)(虹桥火车站--龙阳路),2,上海,上海市,"31.19615952,121.32176384"
上海淞虹路(地铁站),上海地铁2号线(夜班)(虹桥火车站--龙阳路),3,上海,上海市,"31.22010141,121.35492751"
上海中山公园(地铁站),上海地铁2号线(夜班)(虹桥火车站--龙阳路),4,上海,上海市,"31.22032325,121.4133766"
上海静安寺(地铁站),上海地铁2号线(夜班)(虹桥火车站--龙阳路),5,上海,上海市,"31.22511179,121.4419343"
上海人民广场(地铁站),上海地铁2号线(夜班)(虹桥火车站--龙阳路),6,上海,上海市,"31.23509568,121.46812559"
上海世纪大道(地铁站),上海地铁2号线(夜班)(虹桥火车站--龙阳路),7,上海,上海市,"31.23078121,121.522877"
上海龙阳路(地铁站),上海地铁2号线(夜班)(虹桥火车站--龙阳路),8,上海,上海市,"31.20517167,121.5531285"
上海浦东1号2号航站楼(地铁站),上海地铁2号线(浦东1号2号航站楼--国家会展中心(2号线)),1,上海,上海市,"31.15213247,121.80220895"
上海海天三路(地铁站),上海地铁2号线(浦东1号2号航站楼--国家会展中心(2号线)),2,上海,上海市,"31.17054153,121.79256704"
上海远东大道(地铁站),上海地铁2号线(浦东1号2号航站楼--国家会展中心(2号线)),3,上海,上海市,"31.20141446,121.75092969"
上海凌空路(地铁站),上海地铁2号线(浦东1号2号航站楼--国家会展中心(2号线)),4,上海,上海市,"31.19490762,121.7197285"
上海川沙(地铁站),上海地铁2号线(浦东1号2号航站楼--国家会展中心(2号线)),5,上海,上海市,"31.1888237,121.69387453"
上海华夏东路(地铁站),上海地铁2号线(浦东1号2号航站楼--国家会展中心(2号线)),6,上海,上海市,"31.19868363,121.67666725"
上海创新中路(地铁站),上海地铁2号线(浦东1号2号航站楼--国家会展中心(2号线)),7,上海,上海市,"31.21598559,121.66942139"
上海唐镇(地铁站),上海地铁2号线(浦东1号2号航站楼--国家会展中心(2号线)),8,上海,上海市,"31.21625474,121.65201072"
上海广兰路(地铁站),上海地铁2号线(浦东1号2号航站楼--国家会展中心(2号线)),9,上海,上海市,"31.21324925,121.61686455"
上海金科路(地铁站),上海地铁2号线(浦东1号2号航站楼--国家会展中心(2号线)),10,上海,上海市,"31.20642676,121.59778968"
上海张江高科(地铁站),上海地铁2号线(浦东1号2号航站楼--国家会展中心(2号线)),11,上海,上海市,"31.20408548,121.58328664"
上海龙阳路(地铁站),上海地铁2号线(浦东1号2号航站楼--国家会展中心(2号线)),12,上海,上海市,"31.20517151,121.55312853"
上海世纪公园(地铁站),上海地铁2号线(浦东1号2号航站楼--国家会展中心(2号线)),13,上海,上海市,"31.21158603,121.54664538"
上海上海科技馆(地铁站),上海地铁2号线(浦东1号2号航站楼--国家会展中心(2号线)),14,上海,上海市,"31.22096549,121.54015729"
上海世纪大道(地铁站),上海地铁2号线(浦东1号2号航站楼--国家会展中心(2号线)),15,上海,上海市,"31.23078089,121.52287659"
上海浦东南路(原东昌路)(地铁站),上海地铁2号线(浦东1号2号航站楼--国家会展中心(2号线)),16,上海,上海市,"31.2353341,121.5111808"
上海陆家嘴(地铁站),上海地铁2号线(浦东1号2号航站楼--国家会展中心(2号线)),17,上海,上海市,"31.2402804,121.49770395"
上海南京东路(地铁站),上海地铁2号线(浦东1号2号航站楼--国家会展中心(2号线)),18,上海,上海市,"31.23906727,121.47911859"
上海人民广场(地铁站),上海地铁2号线(浦东1号2号航站楼--国家会展中心(2号线)),19,上海,上海市,"31.23509701,121.46812648"
上海南京西路(地铁站),上海地铁2号线(浦东1号2号航站楼--国家会展中心(2号线)),20,上海,上海市,"31.2317599,121.4554064"
上海静安寺(地铁站),上海地铁2号线(浦东1号2号航站楼--国家会展中心(2号线)),21,上海,上海市,"31.22511224,121.44193342"
上海江苏路(地铁站),上海地铁2号线(浦东1号2号航站楼--国家会展中心(2号线)),22,上海,上海市,"31.2217598,121.42783337"
上海中山公园(地铁站),上海地铁2号线(浦东1号2号航站楼--国家会展中心(2号线)),23,上海,上海市,"31.22032453,121.41337655"
上海娄山关路(地铁站),上海地铁2号线(浦东1号2号航站楼--国家会展中心(2号线)),24,上海,上海市,"31.21300184,121.39940903"
上海威宁路(地铁站),上海地铁2号线(浦东1号2号航站楼--国家会展中心(2号线)),25,上海,上海市,"31.21671684,121.38263986"
上海北新泾(地铁站),上海地铁2号线(浦东1号2号航站楼--国家会展中心(2号线)),26,上海,上海市,"31.21825356,121.3693669"
上海淞虹路(地铁站),上海地铁2号线(浦东1号2号航站楼--国家会展中心(2号线)),27,上海,上海市,"31.22010089,121.35492707"
上海虹桥2号航站楼(地铁站),上海地铁2号线(浦东1号2号航站楼--国家会展中心(2号线)),28,上海,上海市,"31.19615947,121.321765"
上海虹桥火车站(地铁站),上海地铁2号线(浦东1号2号航站楼--国家会展中心(2号线)),29,上海,上海市,"31.19598343,121.31443015"
上海国家会展中心(2号线)(地铁站),上海地铁2号线(浦东1号2号航站楼--国家会展中心(2号线)),30,上海,上海市,"31.19036678,121.29472806"
上海国家会展中心(2号线)(地铁站),上海地铁2号线西延段(国家会展中心(2号线)--蟠祥路),1,上海,上海市,"31.19036574,121.29472785"
上海蟠祥路(地铁站),上海地铁2号线西延段(国家会展中心(2号线)--蟠祥路),2,上海,上海市,"31.1840645,121.28298674"
上海蟠祥路(地铁站),上海地铁2号线西延段(蟠祥路--国家会展中心(2号线)),1,上海,上海市,"31.18406302,121.28298558"
上海国家会展中心(2号线)(地铁站),上海地铁2号线西延段(蟠祥路--国家会展中心(2号线)),2,上海,上海市,"31.19036603,121.29472719"
上海上海南站(地铁站),上海地铁3号线(上海南站--江杨北路),1,上海,上海市,"31.15523483,121.4264385"
上海石龙路(地铁站),上海地铁3号线(上海南站--江杨北路),2,上海,上海市,"31.15985632,121.43860507"
上海龙漕路(地铁站),上海地铁3号线(上海南站--江杨北路),3,上海,上海市,"31.17136246,121.43978352"
上海漕溪路(地铁站),上海地铁3号线(上海南站--江杨北路),4,上海,上海市,"31.17863651,121.43379847"
上海宜山路(地铁站),上海地铁3号线(上海南站--江杨北路),5,上海,上海市,"31.1885864,121.42256317"
上海虹桥路(地铁站),上海地铁3号线(上海南站--江杨北路),6,上海,上海市,"31.19938295,121.41617412"
上海延安西路(地铁站),上海地铁3号线(上海南站--江杨北路),7,上海,上海市,"31.21146575,121.41241925"
上海中山公园(地铁站),上海地铁3号线(上海南站--江杨北路),8,上海,上海市,"31.21979317,121.4111284"
上海金沙江路(地铁站),上海地铁3号线(上海南站--江杨北路),9,上海,上海市,"31.23398424,121.40855341"
上海曹杨路(地铁站),上海地铁3号线(上海南站--江杨北路),10,上海,上海市,"31.24113756,121.41305578"
上海镇坪路(地铁站),上海地铁3号线(上海南站--江杨北路),11,上海,上海市,"31.24821324,121.42514598"
上海中潭路(地铁站),上海地铁3号线(上海南站--江杨北路),12,上海,上海市,"31.25642627,121.43638781"
上海上海火车站(地铁站),上海地铁3号线(上海南站--江杨北路),13,上海,上海市,"31.25152559,121.45336678"
上海宝山路(地铁站),上海地铁3号线(上海南站--江杨北路),14,上海,上海市,"31.25346217,121.47178086"
上海东宝兴路(地铁站),上海地铁3号线(上海南站--江杨北路),15,上海,上海市,"31.26183279,121.47569748"
上海虹口足球场(地铁站),上海地铁3号线(上海南站--江杨北路),16,上海,上海市,"31.27333134,121.47464523"
上海赤峰路(地铁站),上海地铁3号线(上海南站--江杨北路),17,上海,上海市,"31.28319225,121.47793119"
上海大柏树(地铁站),上海地铁3号线(上海南站--江杨北路),18,上海,上海市,"31.29137698,121.47871962"
上海江湾镇(地铁站),上海地铁3号线(上海南站--江杨北路),19,上海,上海市,"31.3075075,121.48057254"
上海殷高西路(地铁站),上海地铁3号线(上海南站--江杨北路),20,上海,上海市,"31.32194102,121.48036209"
上海长江南路(地铁站),上海地铁3号线(上海南站--江杨北路),21,上海,上海市,"31.33401304,121.48701113"
上海淞发路(地铁站),上海地铁3号线(上海南站--江杨北路),22,上海,上海市,"31.34710814,121.49595013"
上海张华浜(地铁站),上海地铁3号线(上海南站--江杨北路),23,上海,上海市,"31.35997956,121.4942232"
上海淞滨路(地铁站),上海地铁3号线(上海南站--江杨北路),24,上海,上海市,"31.37287018,121.48834979"
上海水产路(地铁站),上海地铁3号线(上海南站--江杨北路),25,上海,上海市,"31.38322778,121.48376147"
上海宝杨路(地铁站),上海地铁3号线(上海南站--江杨北路),26,上海,上海市,"31.39721093,121.47505543"
上海友谊路(地铁站),上海地铁3号线(上海南站--江杨北路),27,上海,上海市,"31.40589946,121.47139412"
上海铁力路(地铁站),上海地铁3号线(上海南站--江杨北路),28,上海,上海市,"31.40996425,121.45656094"
上海江杨北路(地铁站),上海地铁3号线(上海南站--江杨北路),29,上海,上海市,"31.40965845,121.43519049"
上海江杨北路(地铁站),上海地铁3号线(江杨北路--上海南站),1,上海,上海市,"31.409658,121.43518879"
上海铁力路(地铁站),上海地铁3号线(江杨北路--上海南站),2,上海,上海市,"31.40996512,121.45656219"
上海友谊路(地铁站),上海地铁3号线(江杨北路--上海南站),3,上海,上海市,"31.40589902,121.47139322"
上海宝杨路(地铁站),上海地铁3号线(江杨北路--上海南站),4,上海,上海市,"31.3972117,121.47505599"
上海水产路(地铁站),上海地铁3号线(江杨北路--上海南站),5,上海,上海市,"31.38322851,121.48376063"
上海淞滨路(地铁站),上海地铁3号线(江杨北路--上海南站),6,上海,上海市,"31.3728711,121.48834955"
上海张华浜(地铁站),上海地铁3号线(江杨北路--上海南站),7,上海,上海市,"31.3599793,121.49422313"
上海淞发路(地铁站),上海地铁3号线(江杨北路--上海南站),8,上海,上海市,"31.34710859,121.49595015"
上海长江南路(地铁站),上海地铁3号线(江杨北路--上海南站),9,上海,上海市,"31.33401347,121.48701126"
上海殷高西路(地铁站),上海地铁3号线(江杨北路--上海南站),10,上海,上海市,"31.32194146,121.48036388"
上海江湾镇(地铁站),上海地铁3号线(江杨北路--上海南站),11,上海,上海市,"31.3075086,121.48057273"
上海大柏树(地铁站),上海地铁3号线(江杨北路--上海南站),12,上海,上海市,"31.29137654,121.47871985"
上海赤峰路(地铁站),上海地铁3号线(江杨北路--上海南站),13,上海,上海市,"31.28319171,121.47793064"
上海虹口足球场(地铁站),上海地铁3号线(江杨北路--上海南站),14,上海,上海市,"31.27333206,121.47464487"
上海东宝兴路(地铁站),上海地铁3号线(江杨北路--上海南站),15,上海,上海市,"31.26183381,121.47569886"
上海宝山路(地铁站),上海地铁3号线(江杨北路--上海南站),16,上海,上海市,"31.25346266,121.47178092"
上海上海火车站(地铁站),上海地铁3号线(江杨北路--上海南站),17,上海,上海市,"31.25152605,121.45336724"
上海中潭路(地铁站),上海地铁3号线(江杨北路--上海南站),18,上海,上海市,"31.25642532,121.4363884"
上海镇坪路(地铁站),上海地铁3号线(江杨北路--上海南站),19,上海,上海市,"31.24821329,121.42514732"
上海曹杨路(地铁站),上海地铁3号线(江杨北路--上海南站),20,上海,上海市,"31.24113745,121.41305448"
上海金沙江路(地铁站),上海地铁3号线(江杨北路--上海南站),21,上海,上海市,"31.23398342,121.40855314"
上海中山公园(地铁站),上海地铁3号线(江杨北路--上海南站),22,上海,上海市,"31.21979299,121.4111279"
上海延安西路(地铁站),上海地铁3号线(江杨北路--上海南站),23,上海,上海市,"31.21146523,121.41241825"
上海虹桥路(地铁站),上海地铁3号线(江杨北路--上海南站),24,上海,上海市,"31.19938147,121.41617396"
上海宜山路(地铁站),上海地铁3号线(江杨北路--上海南站),25,上海,上海市,"31.18858708,121.42256386"
上海漕溪路(地铁站),上海地铁3号线(江杨北路--上海南站),26,上海,上海市,"31.17863692,121.4337991"
上海龙漕路(地铁站),上海地铁3号线(江杨北路--上海南站),27,上海,上海市,"31.17136162,121.43978304"
上海石龙路(地铁站),上海地铁3号线(江杨北路--上海南站),28,上海,上海市,"31.15985647,121.43860467"
上海上海南站(地铁站),上海地铁3号线(江杨北路--上海南站),29,上海,上海市,"31.15523531,121.42643839"
上海宜山路(地铁站),上海地铁4号线内圈(宜山路--宜山路),1,上海,上海市,"31.18895227,121.42260652"
上海虹桥路(地铁站),上海地铁4号线内圈(宜山路--宜山路),2,上海,上海市,"31.19938232,121.41617548"
上海延安西路(地铁站),上海地铁4号线内圈(宜山路--宜山路),3,上海,上海市,"31.21146507,121.41241858"
上海中山公园(地铁站),上海地铁4号线内圈(宜山路--宜山路),4,上海,上海市,"31.21979386,121.411128"
上海金沙江路(地铁站),上海地铁4号线内圈(宜山路--宜山路),5,上海,上海市,"31.23398401,121.40855171"
上海曹杨路(地铁站),上海地铁4号线内圈(宜山路--宜山路),6,上海,上海市,"31.24113849,121.41305479"
上海镇坪路(地铁站),上海地铁4号线内圈(宜山路--宜山路),7,上海,上海市,"31.24821438,121.42514711"
上海中潭路(地铁站),上海地铁4号线内圈(宜山路--宜山路),8,上海,上海市,"31.25642567,121.43638784"
上海上海火车站(地铁站),上海地铁4号线内圈(宜山路--宜山路),9,上海,上海市,"31.25152541,121.45336615"
上海宝山路(地铁站),上海地铁4号线内圈(宜山路--宜山路),10,上海,上海市,"31.25346245,121.47178095"
上海海伦路(地铁站),上海地铁4号线内圈(宜山路--宜山路),11,上海,上海市,"31.26099398,121.4851916"
上海临平路(地铁站),上海地铁4号线内圈(宜山路--宜山路),12,上海,上海市,"31.26288088,121.4962652"
上海大连路(地铁站),上海地铁4号线内圈(宜山路--宜山路),13,上海,上海市,"31.25998412,121.50870081"
上海杨树浦路(地铁站),上海地铁4号线内圈(宜山路--宜山路),14,上海,上海市,"31.2539951,121.51283866"
上海浦东大道(地铁站),上海地铁4号线内圈(宜山路--宜山路),15,上海,上海市,"31.24237941,121.51493791"
上海世纪大道(地铁站),上海地铁4号线内圈(宜山路--宜山路),16,上海,上海市,"31.23078009,121.52287676"
上海向城路(地铁站),上海地铁4号线内圈(宜山路--宜山路),17,上海,上海市,"31.22439979,121.52776134"
上海蓝村路(地铁站),上海地铁4号线内圈(宜山路--宜山路),18,上海,上海市,"31.21367072,121.52356805"
上海塘桥(地铁站),上海地铁4号线内圈(宜山路--宜山路),19,上海,上海市,"31.21184495,121.51432791"
上海南浦大桥(地铁站),上海地铁4号线内圈(宜山路--宜山路),20,上海,上海市,"31.21053316,121.49529392"
上海西藏南路(地铁站),上海地铁4号线内圈(宜山路--宜山路),21,上海,上海市,"31.20396821,121.48508793"
上海鲁班路(地铁站),上海地铁4号线内圈(宜山路--宜山路),22,上海,上海市,"31.20118265,121.47063185"
上海大木桥路(地铁站),上海地铁4号线内圈(宜山路--宜山路),23,上海,上海市,"31.19598888,121.4587266"
上海东安路(地铁站),上海地铁4号线内圈(宜山路--宜山路),24,上海,上海市,"31.1927333,121.4503209"
上海上海体育场(地铁站),上海地铁4号线内圈(宜山路--宜山路),25,上海,上海市,"31.18749902,121.43892726"
上海上海体育馆(地铁站),上海地铁4号线内圈(宜山路--宜山路),26,上海,上海市,"31.18469907,121.43280972"
上海宜山路(地铁站),上海地铁4号线内圈(宜山路--宜山路),27,上海,上海市,"31.18895158,121.42260786"
上海宜山路(地铁站),上海地铁4号线外圈(宜山路--宜山路),1,上海,上海市,"31.18895107,121.42260757"
上海上海体育馆(地铁站),上海地铁4号线外圈(宜山路--宜山路),2,上海,上海市,"31.18469841,121.43280952"
上海上海体育场(地铁站),上海地铁4号线外圈(宜山路--宜山路),3,上海,上海市,"31.18749874,121.43892616"
上海东安路(地铁站),上海地铁4号线外圈(宜山路--宜山路),4,上海,上海市,"31.19273279,121.45032237"
上海大木桥路(地铁站),上海地铁4号线外圈(宜山路--宜山路),5,上海,上海市,"31.1959894,121.45872467"
上海鲁班路(地铁站),上海地铁4号线外圈(宜山路--宜山路),6,上海,上海市,"31.20118227,121.47063216"
上海西藏南路(地铁站),上海地铁4号线外圈(宜山路--宜山路),7,上海,上海市,"31.20396761,121.48508783"
上海南浦大桥(地铁站),上海地铁4号线外圈(宜山路--宜山路),8,上海,上海市,"31.21053265,121.49529374"
上海塘桥(地铁站),上海地铁4号线外圈(宜山路--宜山路),9,上海,上海市,"31.21184536,121.51432798"
上海蓝村路(地铁站),上海地铁4号线外圈(宜山路--宜山路),10,上海,上海市,"31.2136722,121.52356879"
上海向城路(地铁站),上海地铁4号线外圈(宜山路--宜山路),11,上海,上海市,"31.2244004,121.52776162"
上海世纪大道(地铁站),上海地铁4号线外圈(宜山路--宜山路),12,上海,上海市,"31.23078132,121.52287799"
上海浦东大道(地铁站),上海地铁4号线外圈(宜山路--宜山路),13,上海,上海市,"31.24237971,121.51493894"
上海杨树浦路(地铁站),上海地铁4号线外圈(宜山路--宜山路),14,上海,上海市,"31.25399603,121.51283929"
上海大连路(地铁站),上海地铁4号线外圈(宜山路--宜山路),15,上海,上海市,"31.25998327,121.50870187"
上海临平路(地铁站),上海地铁4号线外圈(宜山路--宜山路),16,上海,上海市,"31.26288213,121.49626431"
上海海伦路(地铁站),上海地铁4号线外圈(宜山路--宜山路),17,上海,上海市,"31.26099403,121.48519237"
上海宝山路(地铁站),上海地铁4号线外圈(宜山路--宜山路),18,上海,上海市,"31.25346298,121.47178166"
上海上海火车站(地铁站),上海地铁4号线外圈(宜山路--宜山路),19,上海,上海市,"31.25152619,121.45336729"
上海中潭路(地铁站),上海地铁4号线外圈(宜山路--宜山路),20,上海,上海市,"31.25642593,121.43638751"
上海镇坪路(地铁站),上海地铁4号线外圈(宜山路--宜山路),21,上海,上海市,"31.24821464,121.42514554"
上海曹杨路(地铁站),上海地铁4号线外圈(宜山路--宜山路),22,上海,上海市,"31.24113873,121.41305551"
上海金沙江路(地铁站),上海地铁4号线外圈(宜山路--宜山路),23,上海,上海市,"31.23398296,121.40855314"
上海中山公园(地铁站),上海地铁4号线外圈(宜山路--宜山路),24,上海,上海市,"31.21979276,121.41112857"
上海延安西路(地铁站),上海地铁4号线外圈(宜山路--宜山路),25,上海,上海市,"31.21146546,121.41241767"
上海虹桥路(地铁站),上海地铁4号线外圈(宜山路--宜山路),26,上海,上海市,"31.19938148,121.41617532"
上海宜山路(地铁站),上海地铁4号线外圈(宜山路--宜山路),27,上海,上海市,"31.18895179,121.42260651"
上海闵行开发区(地铁站),上海地铁5号线(闵行开发区--莘庄),1,上海,上海市,"31.00260857,121.36510635"
上海文井路(地铁站),上海地铁5号线(闵行开发区--莘庄),2,上海,上海市,"31.00556401,121.3761541"
上海华宁路(地铁站),上海地铁5号线(闵行开发区--莘庄),3,上海,上海市,"31.00942305,121.39062465"
上海金平路(地铁站),上海地铁5号线(闵行开发区--莘庄),4,上海,上海市,"31.01323606,121.40555436"
上海东川路(地铁站),上海地铁5号线(闵行开发区--莘庄),5,上海,上海市,"31.02015252,121.41527587"
上海剑川路(地铁站),上海地铁5号线(闵行开发区--莘庄),6,上海,上海市,"31.0284323,121.41195429"
上海北桥(地铁站),上海地铁5号线(闵行开发区--莘庄),7,上海,上海市,"31.04704591,121.40542082"
上海颛桥(地铁站),上海地铁5号线(闵行开发区--莘庄),8,上海,上海市,"31.06893414,121.39723048"
上海银都路(地铁站),上海地铁5号线(闵行开发区--莘庄),9,上海,上海市,"31.0912571,121.38562869"
上海春申路(地铁站),上海地铁5号线(闵行开发区--莘庄),10,上海,上海市,"31.10015984,121.38118547"
上海莘庄(地铁站),上海地铁5号线(闵行开发区--莘庄),11,上海,上海市,"31.11305478,121.38073934"
上海莘庄(地铁站),上海地铁5号线(莘庄--奉贤新城),1,上海,上海市,"31.1130539,121.38073878"
上海春申路(地铁站),上海地铁5号线(莘庄--奉贤新城),2,上海,上海市,"31.10015926,121.38118418"
上海银都路(地铁站),上海地铁5号线(莘庄--奉贤新城),3,上海,上海市,"31.09125613,121.38562906"
上海颛桥(地铁站),上海地铁5号线(莘庄--奉贤新城),4,上海,上海市,"31.06893297,121.39723088"
上海北桥(地铁站),上海地铁5号线(莘庄--奉贤新城),5,上海,上海市,"31.0470458,121.40542028"
上海剑川路(地铁站),上海地铁5号线(莘庄--奉贤新城),6,上海,上海市,"31.02843225,121.41195285"
上海东川路(地铁站),上海地铁5号线(莘庄--奉贤新城),7,上海,上海市,"31.02015298,121.41527721"
上海江川路(地铁站),上海地铁5号线(莘庄--奉贤新城),8,上海,上海市,"31.00739453,121.41885497"
上海西渡(地铁站),上海地铁5号线(莘庄--奉贤新城),9,上海,上海市,"30.991337,121.42783429"
上海萧塘(地铁站),上海地铁5号线(莘庄--奉贤新城),10,上海,上海市,"30.96790283,121.43726984"
上海奉浦大道(地铁站),上海地铁5号线(莘庄--奉贤新城),11,上海,上海市,"30.94409721,121.44441493"
上海环城东路(地铁站),上海地铁5号线(莘庄--奉贤新城),12,上海,上海市,"30.93324829,121.45867408"
上海望园路(地铁站),上海地铁5号线(莘庄--奉贤新城),13,上海,上海市,"30.93407436,121.47911583"
上海金海湖(地铁站),上海地铁5号线(莘庄--奉贤新城),14,上海,上海市,"30.93096841,121.48807425"
上海奉贤新城(地铁站),上海地铁5号线(莘庄--奉贤新城),15,上海,上海市,"30.91609875,121.49187161"
上海东方体育中心(地铁站),上海地铁6号线(东方体育中心--港城路),1,上海,上海市,"31.15536514,121.47580898"
上海灵岩南路(地铁站),上海地铁6号线(东方体育中心--港城路),2,上海,上海市,"31.15071059,121.49085397"
上海上南路(地铁站),上海地铁6号线(东方体育中心--港城路),3,上海,上海市,"31.15089773,121.50204605"
上海华夏西路(地铁站),上海地铁6号线(东方体育中心--港城路),4,上海,上海市,"31.15198098,121.51016731"
上海高青路(地铁站),上海地铁6号线(东方体育中心--港城路),5,上海,上海市,"31.16200657,121.51141843"
上海东明路(地铁站),上海地铁6号线(东方体育中心--港城路),6,上海,上海市,"31.17472547,121.50648033"
上海高科西路(地铁站),上海地铁6号线(东方体育中心--港城路),7,上海,上海市,"31.18783031,121.50545234"
上海临沂新村(地铁站),上海地铁6号线(东方体育中心--港城路),8,上海,上海市,"31.19528786,121.51232588"
上海上海儿童医学中心(地铁站),上海地铁6号线(东方体育中心--港城路),9,上海,上海市,"31.20537817,121.51913574"
上海蓝村路(地铁站),上海地铁6号线(东方体育中心--港城路),10,上海,上海市,"31.21378036,121.52329372"
上海浦电路(地铁站),上海地铁6号线(东方体育中心--港城路),11,上海,上海市,"31.22226205,121.52502408"
上海世纪大道(地铁站),上海地铁6号线(东方体育中心--港城路),12,上海,上海市,"31.23078081,121.52287816"
上海源深体育中心(地铁站),上海地铁6号线(东方体育中心--港城路),13,上海,上海市,"31.2351201,121.53033035"
上海民生路(地铁站),上海地铁6号线(东方体育中心--港城路),14,上海,上海市,"31.23798734,121.53924131"
上海北洋泾路(地铁站),上海地铁6号线(东方体育中心--港城路),15,上海,上海市,"31.24129757,121.54804977"
上海德平路(地铁站),上海地铁6号线(东方体育中心--港城路),16,上海,上海市,"31.24757182,121.55999933"
上海云山路(地铁站),上海地铁6号线(东方体育中心--港城路),17,上海,上海市,"31.2525918,121.56855121"
上海金桥路(地铁站),上海地铁6号线(东方体育中心--港城路),18,上海,上海市,"31.25926813,121.57760381"
上海博兴路(地铁站),上海地铁6号线(东方体育中心--港城路),19,上海,上海市,"31.26570602,121.58248042"
上海五莲路(地铁站),上海地铁6号线(东方体育中心--港城路),20,上海,上海市,"31.27420761,121.58365608"
上海巨峰路(地铁站),上海地铁6号线(东方体育中心--港城路),21,上海,上海市,"31.28286335,121.58415516"
上海东靖路(地铁站),上海地铁6号线(东方体育中心--港城路),22,上海,上海市,"31.29285883,121.5845257"
上海五洲大道(地铁站),上海地铁6号线(东方体育中心--港城路),23,上海,上海市,"31.30473941,121.58500145"
上海洲海路(地铁站),上海地铁6号线(东方体育中心--港城路),24,上海,上海市,"31.31439485,121.58518425"
上海外高桥保税区南(地铁站),上海地铁6号线(东方体育中心--港城路),25,上海,上海市,"31.32374132,121.59775429"
上海航津路(地铁站),上海地铁6号线(东方体育中心--港城路),26,上海,上海市,"31.33752986,121.58976359"
上海外高桥保税区北(地铁站),上海地铁6号线(东方体育中心--港城路),27,上海,上海市,"31.34995464,121.58270984"
上海港城路(地铁站),上海地铁6号线(东方体育中心--港城路),28,上海,上海市,"31.35522694,121.57078334"
上海港城路(地铁站),上海地铁6号线(港城路--东方体育中心),1,上海,上海市,"31.35522716,121.57078346"
上海外高桥保税区北(地铁站),上海地铁6号线(港城路--东方体育中心),2,上海,上海市,"31.34995548,121.58271069"
上海航津路(地铁站),上海地铁6号线(港城路--东方体育中心),3,上海,上海市,"31.33752928,121.58976262"
上海外高桥保税区南(地铁站),上海地铁6号线(港城路--东方体育中心),4,上海,上海市,"31.3237424,121.59775515"
上海洲海路(地铁站),上海地铁6号线(港城路--东方体育中心),5,上海,上海市,"31.31439629,121.58518496"
上海五洲大道(地铁站),上海地铁6号线(港城路--东方体育中心),6,上海,上海市,"31.30473984,121.58500085"
上海东靖路(地铁站),上海地铁6号线(港城路--东方体育中心),7,上海,上海市,"31.29285829,121.58452521"
上海巨峰路(地铁站),上海地铁6号线(港城路--东方体育中心),8,上海,上海市,"31.28286307,121.58415519"
上海五莲路(地铁站),上海地铁6号线(港城路--东方体育中心),9,上海,上海市,"31.27420637,121.58365691"
上海博兴路(地铁站),上海地铁6号线(港城路--东方体育中心),10,上海,上海市,"31.26570436,121.58247949"
上海金桥路(地铁站),上海地铁6号线(港城路--东方体育中心),11,上海,上海市,"31.25926808,121.57760426"
上海云山路(地铁站),上海地铁6号线(港城路--东方体育中心),12,上海,上海市,"31.25259363,121.56855044"
上海德平路(地铁站),上海地铁6号线(港城路--东方体育中心),13,上海,上海市,"31.24757101,121.5599996"
上海北洋泾路(地铁站),上海地铁6号线(港城路--东方体育中心),14,上海,上海市,"31.24129891,121.54805066"
上海民生路(地铁站),上海地铁6号线(港城路--东方体育中心),15,上海,上海市,"31.23798755,121.53924071"
上海源深体育中心(地铁站),上海地铁6号线(港城路--东方体育中心),16,上海,上海市,"31.23512087,121.53032901"
上海世纪大道(地铁站),上海地铁6号线(港城路--东方体育中心),17,上海,上海市,"31.23077981,121.52287679"
上海浦电路(地铁站),上海地铁6号线(港城路--东方体育中心),18,上海,上海市,"31.22226284,121.52502267"
上海蓝村路(地铁站),上海地铁6号线(港城路--东方体育中心),19,上海,上海市,"31.21377917,121.52329496"
上海上海儿童医学中心(地铁站),上海地铁6号线(港城路--东方体育中心),20,上海,上海市,"31.20537832,121.51913543"
上海临沂新村(地铁站),上海地铁6号线(港城路--东方体育中心),21,上海,上海市,"31.19528867,121.51232748"
上海高科西路(地铁站),上海地铁6号线(港城路--东方体育中心),22,上海,上海市,"31.18783092,121.50545222"
上海东明路(地铁站),上海地铁6号线(港城路--东方体育中心),23,上海,上海市,"31.17472449,121.50648121"
上海高青路(地铁站),上海地铁6号线(港城路--东方体育中心),24,上海,上海市,"31.16200783,121.51141766"
上海华夏西路(地铁站),上海地铁6号线(港城路--东方体育中心),25,上海,上海市,"31.15198025,121.5101666"
上海上南路(地铁站),上海地铁6号线(港城路--东方体育中心),26,上海,上海市,"31.15089813,121.50204657"
上海灵岩南路(地铁站),上海地铁6号线(港城路--东方体育中心),27,上海,上海市,"31.15071073,121.49085282"
上海东方体育中心(地铁站),上海地铁6号线(港城路--东方体育中心),28,上海,上海市,"31.15536575,121.47580967"
上海花木路(地铁站),上海地铁7号线(花木路--美兰湖),1,上海,上海市,"31.21339679,121.55851518"
上海龙阳路(地铁站),上海地铁7号线(花木路--美兰湖),2,上海,上海市,"31.20575495,121.55338675"
上海芳华路(地铁站),上海地铁7号线(花木路--美兰湖),3,上海,上海市,"31.1952816,121.54584928"
上海锦绣路(地铁站),上海地铁7号线(花木路--美兰湖),4,上海,上海市,"31.1897437,121.53574792"
上海杨高南路(地铁站),上海地铁7号线(花木路--美兰湖),5,上海,上海市,"31.18972497,121.52019868"
上海高科西路(地铁站),上海地铁7号线(花木路--美兰湖),6,上海,上海市,"31.18782984,121.50545202"
上海云台路(地铁站),上海地铁7号线(花木路--美兰湖),7,上海,上海市,"31.18425516,121.49601432"
上海耀华路(地铁站),上海地铁7号线(花木路--美兰湖),8,上海,上海市,"31.18053985,121.49015965"
上海长清路(地铁站),上海地铁7号线(花木路--美兰湖),9,上海,上海市,"31.17661643,121.48164142"
上海后滩(地铁站),上海地铁7号线(花木路--美兰湖),10,上海,上海市,"31.17388795,121.46923863"
上海龙华中路(地铁站),上海地铁7号线(花木路--美兰湖),11,上海,上海市,"31.18630232,121.45249428"
上海东安路(地铁站),上海地铁7号线(花木路--美兰湖),12,上海,上海市,"31.19273353,121.45032087"
上海肇嘉浜路(地铁站),上海地铁7号线(花木路--美兰湖),13,上海,上海市,"31.20058556,121.44582119"
上海常熟路(地铁站),上海地铁7号线(花木路--美兰湖),14,上海,上海市,"31.21541451,121.44454824"
上海静安寺(地铁站),上海地铁7号线(花木路--美兰湖),15,上海,上海市,"31.22496841,121.4439076"
上海昌平路(地铁站),上海地铁7号线(花木路--美兰湖),16,上海,上海市,"31.23561909,121.43800961"
上海长寿路(地铁站),上海地铁7号线(花木路--美兰湖),17,上海,上海市,"31.24177468,121.43361574"
上海镇坪路(地铁站),上海地铁7号线(花木路--美兰湖),18,上海,上海市,"31.24861007,121.42704728"
上海岚皋路(地铁站),上海地铁7号线(花木路--美兰湖),19,上海,上海市,"31.2580297,121.41729656"
上海新村路(地铁站),上海地铁7号线(花木路--美兰湖),20,上海,上海市,"31.26568363,121.41802475"
上海大华三路(地铁站),上海地铁7号线(花木路--美兰湖),21,上海,上海市,"31.27587325,121.41830606"
上海行知路(地铁站),上海地铁7号线(花木路--美兰湖),22,上海,上海市,"31.28631582,121.41712329"
上海大场镇(地铁站),上海地铁7号线(花木路--美兰湖),23,上海,上海市,"31.29507117,121.41150527"
上海场中路(地铁站),上海地铁7号线(花木路--美兰湖),24,上海,上海市,"31.30548945,121.4088032"
上海上大路(地铁站),上海地铁7号线(花木路--美兰湖),25,上海,上海市,"31.31676912,121.40402802"
上海南陈路(地铁站),上海地铁7号线(花木路--美兰湖),26,上海,上海市,"31.32353684,121.39376006"
上海上海大学(地铁站),上海地铁7号线(花木路--美兰湖),27,上海,上海市,"31.32238707,121.38422864"
上海祁华路(地铁站),上海地铁7号线(花木路--美兰湖),28,上海,上海市,"31.32420121,121.36888862"
上海顾村公园(地铁站),上海地铁7号线(花木路--美兰湖),29,上海,上海市,"31.34639976,121.36836777"
上海刘行(地铁站),上海地铁7号线(花木路--美兰湖),30,上海,上海市,"31.35940234,121.35775099"
上海潘广路(地铁站),上海地铁7号线(花木路--美兰湖),31,上海,上海市,"31.36600519,121.35123053"
上海罗南新村(地铁站),上海地铁7号线(花木路--美兰湖),32,上海,上海市,"31.39064592,121.35285116"
上海美兰湖(地铁站),上海地铁7号线(花木路--美兰湖),33,上海,上海市,"31.40371282,121.34528727"
上海美兰湖(地铁站),上海地铁7号线(美兰湖--花木路),1,上海,上海市,"31.40371162,121.34528806"
上海罗南新村(地铁站),上海地铁7号线(美兰湖--花木路),2,上海,上海市,"31.39064526,121.35285039"
上海潘广路(地铁站),上海地铁7号线(美兰湖--花木路),3,上海,上海市,"31.36600537,121.35123017"
上海刘行(地铁站),上海地铁7号线(美兰湖--花木路),4,上海,上海市,"31.35940316,121.35774997"
上海顾村公园(地铁站),上海地铁7号线(美兰湖--花木路),5,上海,上海市,"31.34640045,121.3683682"
上海祁华路(地铁站),上海地铁7号线(美兰湖--花木路),6,上海,上海市,"31.32420189,121.36888873"
上海上海大学(地铁站),上海地铁7号线(美兰湖--花木路),7,上海,上海市,"31.32238742,121.38422832"
上海南陈路(地铁站),上海地铁7号线(美兰湖--花木路),8,上海,上海市,"31.32353729,121.39375951"
上海上大路(地铁站),上海地铁7号线(美兰湖--花木路),9,上海,上海市,"31.31676885,121.40402876"
上海场中路(地铁站),上海地铁7号线(美兰湖--花木路),10,上海,上海市,"31.30548796,121.40880343"
上海大场镇(地铁站),上海地铁7号线(美兰湖--花木路),11,上海,上海市,"31.29507055,121.41150461"
上海行知路(地铁站),上海地铁7号线(美兰湖--花木路),12,上海,上海市,"31.28631615,121.41712487"
上海大华三路(地铁站),上海地铁7号线(美兰湖--花木路),13,上海,上海市,"31.27587266,121.41830453"
上海新村路(地铁站),上海地铁7号线(美兰湖--花木路),14,上海,上海市,"31.26568506,121.41802453"
上海岚皋路(地铁站),上海地铁7号线(美兰湖--花木路),15,上海,上海市,"31.25803045,121.41729676"
上海镇坪路(地铁站),上海地铁7号线(美兰湖--花木路),16,上海,上海市,"31.24861127,121.42704757"
上海长寿路(地铁站),上海地铁7号线(美兰湖--花木路),17,上海,上海市,"31.24177426,121.43361458"
上海昌平路(地铁站),上海地铁7号线(美兰湖--花木路),18,上海,上海市,"31.23561888,121.43800849"
上海静安寺(地铁站),上海地铁7号线(美兰湖--花木路),19,上海,上海市,"31.22496863,121.44390743"
上海常熟路(地铁站),上海地铁7号线(美兰湖--花木路),20,上海,上海市,"31.2154146,121.44454812"
上海肇嘉浜路(地铁站),上海地铁7号线(美兰湖--花木路),21,上海,上海市,"31.20058449,121.4458211"
上海东安路(地铁站),上海地铁7号线(美兰湖--花木路),22,上海,上海市,"31.19273415,121.45032123"
上海龙华中路(地铁站),上海地铁7号线(美兰湖--花木路),23,上海,上海市,"31.18630184,121.45249495"
上海后滩(地铁站),上海地铁7号线(美兰湖--花木路),24,上海,上海市,"31.17388889,121.46923737"
上海长清路(地铁站),上海地铁7号线(美兰湖--花木路),25,上海,上海市,"31.1766148,121.48164086"
上海耀华路(地铁站),上海地铁7号线(美兰湖--花木路),26,上海,上海市,"31.18054095,121.49015922"
上海云台路(地铁站),上海地铁7号线(美兰湖--花木路),27,上海,上海市,"31.18425515,121.49601292"
上海高科西路(地铁站),上海地铁7号线(美兰湖--花木路),28,上海,上海市,"31.18782983,121.50545311"
上海杨高南路(地铁站),上海地铁7号线(美兰湖--花木路),29,上海,上海市,"31.18972482,121.52019778"
上海锦绣路(地铁站),上海地铁7号线(美兰湖--花木路),30,上海,上海市,"31.18974362,121.53574811"
上海芳华路(地铁站),上海地铁7号线(美兰湖--花木路),31,上海,上海市,"31.19528026,121.54585036"
上海龙阳路(地铁站),上海地铁7号线(美兰湖--花木路),32,上海,上海市,"31.20575395,121.55338613"
上海花木路(地铁站),上海地铁7号线(美兰湖--花木路),33,上海,上海市,"31.21339562,121.55851519"
上海沈杜公路(地铁站),上海地铁8号线(沈杜公路--市光路),1,上海,上海市,"31.06357044,121.50789915"
上海联航路(地铁站),上海地铁8号线(沈杜公路--市光路),2,上海,上海市,"31.07569844,121.50621353"
上海江月路(地铁站),上海地铁8号线(沈杜公路--市光路),3,上海,上海市,"31.08637356,121.50421463"
上海浦江镇(地铁站),上海地铁8号线(沈杜公路--市光路),4,上海,上海市,"31.09869707,121.50187481"
上海芦恒路(地铁站),上海地铁8号线(沈杜公路--市光路),5,上海,上海市,"31.12112846,121.49379766"
上海凌兆新村(地铁站),上海地铁8号线(沈杜公路--市光路),6,上海,上海市,"31.1433337,121.48520142"
上海东方体育中心(地铁站),上海地铁8号线(沈杜公路--市光路),7,上海,上海市,"31.15536396,121.47581046"
上海杨思(地铁站),上海地铁8号线(沈杜公路--市光路),8,上海,上海市,"31.16308806,121.48899317"
上海成山路(地铁站),上海地铁8号线(沈杜公路--市光路),9,上海,上海市,"31.17254786,121.49188741"
上海耀华路(地铁站),上海地铁8号线(沈杜公路--市光路),10,上海,上海市,"31.18054058,121.4901587"
上海中华艺术宫(地铁站),上海地铁8号线(沈杜公路--市光路),11,上海,上海市,"31.1872639,121.48917574"
上海西藏南路(地铁站),上海地铁8号线(沈杜公路--市光路),12,上海,上海市,"31.20396876,121.48508838"
上海陆家浜路(地铁站),上海地铁8号线(沈杜公路--市光路),13,上海,上海市,"31.21377613,121.4816357"
上海老西门(地铁站),上海地铁8号线(沈杜公路--市光路),14,上海,上海市,"31.22074338,121.47850384"
上海大世界(地铁站),上海地铁8号线(沈杜公路--市光路),15,上海,上海市,"31.22935017,121.47467692"
上海人民广场(地铁站),上海地铁8号线(沈杜公路--市光路),16,上海,上海市,"31.23481995,121.47097232"
上海曲阜路(地铁站),上海地铁8号线(沈杜公路--市光路),17,上海,上海市,"31.24423809,121.46701185"
上海中兴路(地铁站),上海地铁8号线(沈杜公路--市光路),18,上海,上海市,"31.25514782,121.46448545"
上海西藏北路(地铁站),上海地铁8号线(沈杜公路--市光路),19,上海,上海市,"31.26536738,121.46427653"
上海虹口足球场(地铁站),上海地铁8号线(沈杜公路--市光路),20,上海,上海市,"31.27183231,121.47481934"
上海曲阳路(地铁站),上海地铁8号线(沈杜公路--市光路),21,上海,上海市,"31.27849665,121.48667163"
上海四平路(地铁站),上海地铁8号线(沈杜公路--市光路),22,上海,上海市,"31.27688415,121.49705802"
上海鞍山新村(地铁站),上海地铁8号线(沈杜公路--市光路),23,上海,上海市,"31.27527032,121.50528451"
上海江浦路(地铁站),上海地铁8号线(沈杜公路--市光路),24,上海,上海市,"31.27699932,121.51400987"
上海黄兴路(地铁站),上海地铁8号线(沈杜公路--市光路),25,上海,上海市,"31.28089302,121.52406415"
上海延吉中路(地铁站),上海地铁8号线(沈杜公路--市光路),26,上海,上海市,"31.29063633,121.5306242"
上海黄兴公园(地铁站),上海地铁8号线(沈杜公路--市光路),27,上海,上海市,"31.29747591,121.5290619"
上海翔殷路(地铁站),上海地铁8号线(沈杜公路--市光路),28,上海,上海市,"31.30708029,121.52764644"
上海嫩江路(地铁站),上海地铁8号线(沈杜公路--市光路),29,上海,上海市,"31.31687848,121.52762692"
上海市光路(地铁站),上海地铁8号线(沈杜公路--市光路),30,上海,上海市,"31.32479686,121.52760498"
上海市光路(地铁站),上海地铁8号线(市光路--沈杜公路),1,上海,上海市,"31.32479561,121.52760465"
上海嫩江路(地铁站),上海地铁8号线(市光路--沈杜公路),2,上海,上海市,"31.31687979,121.52762735"
上海翔殷路(地铁站),上海地铁8号线(市光路--沈杜公路),3,上海,上海市,"31.30708038,121.52764738"
上海黄兴公园(地铁站),上海地铁8号线(市光路--沈杜公路),4,上海,上海市,"31.29747459,121.52906192"
上海延吉中路(地铁站),上海地铁8号线(市光路--沈杜公路),5,上海,上海市,"31.29063685,121.53062417"
上海黄兴路(地铁站),上海地铁8号线(市光路--沈杜公路),6,上海,上海市,"31.28089379,121.52406573"
上海江浦路(地铁站),上海地铁8号线(市光路--沈杜公路),7,上海,上海市,"31.2769988,121.51401018"
上海鞍山新村(地铁站),上海地铁8号线(市光路--沈杜公路),8,上海,上海市,"31.27527024,121.50528422"
上海四平路(地铁站),上海地铁8号线(市光路--沈杜公路),9,上海,上海市,"31.27688349,121.49705901"
上海曲阳路(地铁站),上海地铁8号线(市光路--沈杜公路),10,上海,上海市,"31.27849601,121.48667071"
上海虹口足球场(地铁站),上海地铁8号线(市光路--沈杜公路),11,上海,上海市,"31.27183065,121.47481887"
上海西藏北路(地铁站),上海地铁8号线(市光路--沈杜公路),12,上海,上海市,"31.26536655,121.46427667"
上海中兴路(地铁站),上海地铁8号线(市光路--沈杜公路),13,上海,上海市,"31.25514836,121.4644867"
上海曲阜路(地铁站),上海地铁8号线(市光路--沈杜公路),14,上海,上海市,"31.24423798,121.46701247"
上海人民广场(地铁站),上海地铁8号线(市光路--沈杜公路),15,上海,上海市,"31.23481953,121.47097285"
上海大世界(地铁站),上海地铁8号线(市光路--沈杜公路),16,上海,上海市,"31.22934989,121.47467799"
上海老西门(地铁站),上海地铁8号线(市光路--沈杜公路),17,上海,上海市,"31.22074244,121.47850425"
上海陆家浜路(地铁站),上海地铁8号线(市光路--沈杜公路),18,上海,上海市,"31.21377472,121.48163492"
上海西藏南路(地铁站),上海地铁8号线(市光路--沈杜公路),19,上海,上海市,"31.20396875,121.48508868"
上海中华艺术宫(地铁站),上海地铁8号线(市光路--沈杜公路),20,上海,上海市,"31.18726347,121.48917526"
上海耀华路(地铁站),上海地铁8号线(市光路--沈杜公路),21,上海,上海市,"31.18053987,121.49015773"
上海成山路(地铁站),上海地铁8号线(市光路--沈杜公路),22,上海,上海市,"31.17254814,121.49188676"
上海杨思(地铁站),上海地铁8号线(市光路--沈杜公路),23,上海,上海市,"31.1630871,121.48899472"
上海东方体育中心(地铁站),上海地铁8号线(市光路--沈杜公路),24,上海,上海市,"31.15536454,121.47580863"
上海凌兆新村(地铁站),上海地铁8号线(市光路--沈杜公路),25,上海,上海市,"31.14333336,121.48520172"
上海芦恒路(地铁站),上海地铁8号线(市光路--沈杜公路),26,上海,上海市,"31.12112811,121.49379715"
上海浦江镇(地铁站),上海地铁8号线(市光路--沈杜公路),27,上海,上海市,"31.09869642,121.5018739"
上海江月路(地铁站),上海地铁8号线(市光路--沈杜公路),28,上海,上海市,"31.08637376,121.50421593"
上海联航路(地铁站),上海地铁8号线(市光路--沈杜公路),29,上海,上海市,"31.07570028,121.50621454"
上海沈杜公路(地铁站),上海地铁8号线(市光路--沈杜公路),30,上海,上海市,"31.06357081,121.50789945"
上海上海松江站(地铁站),上海地铁9号线(上海松江站--曹路),1,上海,上海市,"30.98696657,121.22647377"
上海醉白池(地铁站),上海地铁9号线(上海松江站--曹路),2,上海,上海市,"31.00326411,121.22494796"
上海松江体育中心(地铁站),上海地铁9号线(上海松江站--曹路),3,上海,上海市,"31.01813752,121.22613289"
上海松江新城(地铁站),上海地铁9号线(上海松江站--曹路),4,上海,上海市,"31.03241855,121.22632433"
上海松江大学城(地铁站),上海地铁9号线(上海松江站--曹路),5,上海,上海市,"31.0560943,121.22816102"
上海洞泾(地铁站),上海地铁9号线(上海松江站--曹路),6,上海,上海市,"31.08658329,121.22605356"
上海佘山(地铁站),上海地铁9号线(上海松江站--曹路),7,上海,上海市,"31.10617731,121.22526439"
上海泗泾(地铁站),上海地铁9号线(上海松江站--曹路),8,上海,上海市,"31.12034919,121.25582661"
上海九亭(地铁站),上海地铁9号线(上海松江站--曹路),9,上海,上海市,"31.13924213,121.31490693"
上海中春路(地铁站),上海地铁9号线(上海松江站--曹路),10,上海,上海市,"31.15136424,121.33314206"
上海七宝(地铁站),上海地铁9号线(上海松江站--曹路),11,上海,上海市,"31.15721291,121.3446387"
上海星中路(地铁站),上海地铁9号线(上海松江站--曹路),12,上海,上海市,"31.16000252,121.36428409"
上海合川路(地铁站),上海地铁9号线(上海松江站--曹路),13,上海,上海市,"31.16841494,121.38013358"
上海漕河泾开发区(地铁站),上海地铁9号线(上海松江站--曹路),14,上海,上海市,"31.17250887,121.3931236"
上海桂林路(地铁站),上海地铁9号线(上海松江站--曹路),15,上海,上海市,"31.17665919,121.41342444"
上海宜山路(地铁站),上海地铁9号线(上海松江站--曹路),16,上海,上海市,"31.18611543,121.42276327"
上海徐家汇(地铁站),上海地铁9号线(上海松江站--曹路),17,上海,上海市,"31.1973912,121.43198694"
上海肇嘉浜路(地铁站),上海地铁9号线(上海松江站--曹路),18,上海,上海市,"31.20133551,121.44562366"
上海嘉善路(地铁站),上海地铁9号线(上海松江站--曹路),19,上海,上海市,"31.20474139,121.45614375"
上海打浦桥(地铁站),上海地铁9号线(上海松江站--曹路),20,上海,上海市,"31.20824992,121.46414482"
上海马当路(地铁站),上海地铁9号线(上海松江站--曹路),21,上海,上海市,"31.21148237,121.47274567"
上海陆家浜路(地铁站),上海地铁9号线(上海松江站--曹路),22,上海,上海市,"31.21377566,121.4816359"
上海小南门(地铁站),上海地铁9号线(上海松江站--曹路),23,上海,上海市,"31.21888723,121.49396252"
上海商城路(地铁站),上海地铁9号线(上海松江站--曹路),24,上海,上海市,"31.23232604,121.51190223"
上海世纪大道(地铁站),上海地铁9号线(上海松江站--曹路),25,上海,上海市,"31.23078152,121.522877"
上海杨高中路(地铁站),上海地铁9号线(上海松江站--曹路),26,上海,上海市,"31.22966206,121.54439193"
上海芳甸路(地铁站),上海地铁9号线(上海松江站--曹路),27,上海,上海市,"31.23401308,121.55418296"
上海蓝天路(地铁站),上海地铁9号线(上海松江站--曹路),28,上海,上海市,"31.24321721,121.57377788"
上海台儿庄路(地铁站),上海地铁9号线(上海松江站--曹路),29,上海,上海市,"31.2550167,121.59325486"
上海金桥(地铁站),上海地铁9号线(上海松江站--曹路),30,上海,上海市,"31.26303438,121.60713141"
上海金吉路(地铁站),上海地铁9号线(上海松江站--曹路),31,上海,上海市,"31.26647204,121.62452074"
上海金海路(地铁站),上海地铁9号线(上海松江站--曹路),32,上海,上海市,"31.26596009,121.63473323"
上海顾唐路(地铁站),上海地铁9号线(上海松江站--曹路),33,上海,上海市,"31.26819839,121.65220211"
上海民雷路(地铁站),上海地铁9号线(上海松江站--曹路),34,上海,上海市,"31.27043577,121.66383869"
上海曹路(地铁站),上海地铁9号线(上海松江站--曹路),35,上海,上海市,"31.27336834,121.67883823"
上海曹路(地铁站),上海地铁9号线(曹路--上海松江站),1,上海,上海市,"31.27336849,121.67883766"
上海民雷路(地铁站),上海地铁9号线(曹路--上海松江站),2,上海,上海市,"31.27043683,121.66383957"
上海顾唐路(地铁站),上海地铁9号线(曹路--上海松江站),3,上海,上海市,"31.26819835,121.6522016"
上海金海路(地铁站),上海地铁9号线(曹路--上海松江站),4,上海,上海市,"31.26595948,121.63473271"
上海金吉路(地铁站),上海地铁9号线(曹路--上海松江站),5,上海,上海市,"31.2664723,121.62452073"
上海金桥(地铁站),上海地铁9号线(曹路--上海松江站),6,上海,上海市,"31.26303532,121.60713054"
上海台儿庄路(地铁站),上海地铁9号线(曹路--上海松江站),7,上海,上海市,"31.25501825,121.59325564"
上海蓝天路(地铁站),上海地铁9号线(曹路--上海松江站),8,上海,上海市,"31.24321613,121.57377914"
上海芳甸路(地铁站),上海地铁9号线(曹路--上海松江站),9,上海,上海市,"31.23401232,121.55418284"
上海杨高中路(地铁站),上海地铁9号线(曹路--上海松江站),10,上海,上海市,"31.22966025,121.54439317"
上海世纪大道(地铁站),上海地铁9号线(曹路--上海松江站),11,上海,上海市,"31.23078127,121.52287731"
上海商城路(地铁站),上海地铁9号线(曹路--上海松江站),12,上海,上海市,"31.23232614,121.51190164"
上海小南门(地铁站),上海地铁9号线(曹路--上海松江站),13,上海,上海市,"31.21888639,121.49396297"
上海陆家浜路(地铁站),上海地铁9号线(曹路--上海松江站),14,上海,上海市,"31.21377541,121.48163544"
上海马当路(地铁站),上海地铁9号线(曹路--上海松江站),15,上海,上海市,"31.21148149,121.47274647"
上海打浦桥(地铁站),上海地铁9号线(曹路--上海松江站),16,上海,上海市,"31.20824976,121.46414458"
上海嘉善路(地铁站),上海地铁9号线(曹路--上海松江站),17,上海,上海市,"31.20474275,121.4561442"
上海肇嘉浜路(地铁站),上海地铁9号线(曹路--上海松江站),18,上海,上海市,"31.20133731,121.44562405"
上海徐家汇(地铁站),上海地铁9号线(曹路--上海松江站),19,上海,上海市,"31.19739121,121.43198696"
上海宜山路(地铁站),上海地铁9号线(曹路--上海松江站),20,上海,上海市,"31.18611603,121.42276293"
上海桂林路(地铁站),上海地铁9号线(曹路--上海松江站),21,上海,上海市,"31.17665768,121.41342347"
上海漕河泾开发区(地铁站),上海地铁9号线(曹路--上海松江站),22,上海,上海市,"31.17250807,121.39312239"
上海合川路(地铁站),上海地铁9号线(曹路--上海松江站),23,上海,上海市,"31.16841522,121.38013449"
上海星中路(地铁站),上海地铁9号线(曹路--上海松江站),24,上海,上海市,"31.16000168,121.36428474"
上海七宝(地铁站),上海地铁9号线(曹路--上海松江站),25,上海,上海市,"31.15721256,121.34463783"
上海中春路(地铁站),上海地铁9号线(曹路--上海松江站),26,上海,上海市,"31.15136313,121.33314216"
上海九亭(地铁站),上海地铁9号线(曹路--上海松江站),27,上海,上海市,"31.13924182,121.31490725"
上海泗泾(地铁站),上海地铁9号线(曹路--上海松江站),28,上海,上海市,"31.1203497,121.25582682"
上海佘山(地铁站),上海地铁9号线(曹路--上海松江站),29,上海,上海市,"31.10617632,121.22526458"
上海洞泾(地铁站),上海地铁9号线(曹路--上海松江站),30,上海,上海市,"31.08658355,121.22605394"
上海松江大学城(地铁站),上海地铁9号线(曹路--上海松江站),31,上海,上海市,"31.05609354,121.22816178"
上海松江新城(地铁站),上海地铁9号线(曹路--上海松江站),32,上海,上海市,"31.03241744,121.2263252"
上海松江体育中心(地铁站),上海地铁9号线(曹路--上海松江站),33,上海,上海市,"31.01813637,121.22613183"
上海醉白池(地铁站),上海地铁9号线(曹路--上海松江站),34,上海,上海市,"31.00326382,121.2249475"
上海上海松江站(地铁站),上海地铁9号线(曹路--上海松江站),35,上海,上海市,"30.98696831,121.22647353"
上海虹桥火车站(地铁站),上海地铁10号线(夜班)(虹桥火车站--五角场),1,上海,上海市,"31.19598444,121.3144303"
上海虹桥2号航站楼(地铁站),上海地铁10号线(夜班)(虹桥火车站--五角场),2,上海,上海市,"31.19615951,121.32176508"
上海虹桥1号航站楼(地铁站),上海地铁10号线(夜班)(虹桥火车站--五角场),3,上海,上海市,"31.19327237,121.34278859"
上海虹桥路(地铁站),上海地铁10号线(夜班)(虹桥火车站--五角场),4,上海,上海市,"31.19849421,121.41782358"
上海陕西南路(地铁站),上海地铁10号线(夜班)(虹桥火车站--五角场),5,上海,上海市,"31.21706106,121.45417742"
上海南京东路(地铁站),上海地铁10号线(夜班)(虹桥火车站--五角场),6,上海,上海市,"31.24007005,121.48014114"
上海海伦路(地铁站),上海地铁10号线(夜班)(虹桥火车站--五角场),7,上海,上海市,"31.26127445,121.48422228"
上海四平路(地铁站),上海地铁10号线(夜班)(虹桥火车站--五角场),8,上海,上海市,"31.27688273,121.49705761"
上海五角场(地铁站),上海地铁10号线(夜班)(虹桥火车站--五角场),9,上海,上海市,"31.30007566,121.51024671"
上海基隆路(地铁站),上海地铁10号线(基隆路--航中路),1,上海,上海市,"31.35346305,121.58619759"
上海港城路(地铁站),上海地铁10号线(基隆路--航中路),2,上海,上海市,"31.35536505,121.57078686"
上海高桥(地铁站),上海地铁10号线(基隆路--航中路),3,上海,上海市,"31.35474909,121.55872244"
上海高桥西(地铁站),上海地铁10号线(基隆路--航中路),4,上海,上海市,"31.35359195,121.54499946"
上海双江路(地铁站),上海地铁10号线(基隆路--航中路),5,上海,上海市,"31.35568166,121.53511745"
上海国帆路(地铁站),上海地铁10号线(基隆路--航中路),6,上海,上海市,"31.34156253,121.50877411"
上海新江湾城(地铁站),上海地铁10号线(基隆路--航中路),7,上海,上海市,"31.33049577,121.5025369"
上海殷高东路(地铁站),上海地铁10号线(基隆路--航中路),8,上海,上海市,"31.32376838,121.50238204"
上海三门路(地铁站),上海地铁10号线(基隆路--航中路),9,上海,上海市,"31.31522328,121.50393099"
上海江湾体育场(地铁站),上海地铁10号线(基隆路--航中路),10,上海,上海市,"31.3063208,121.50892343"
上海五角场(地铁站),上海地铁10号线(基隆路--航中路),11,上海,上海市,"31.30007668,121.51024844"
上海国权路(地铁站),上海地铁10号线(基隆路--航中路),12,上海,上海市,"31.29129978,121.50562338"
上海同济大学(地铁站),上海地铁10号线(基隆路--航中路),13,上海,上海市,"31.28391873,121.50185524"
上海四平路(地铁站),上海地铁10号线(基隆路--航中路),14,上海,上海市,"31.27688317,121.4970592"
上海邮电新村(地铁站),上海地铁10号线(基隆路--航中路),15,上海,上海市,"31.2704166,121.48979244"
上海海伦路(地铁站),上海地铁10号线(基隆路--航中路),16,上海,上海市,"31.26127547,121.48422339"
上海四川北路(地铁站),上海地铁10号线(基隆路--航中路),17,上海,上海市,"31.2539968,121.47971795"
上海天潼路(地铁站),上海地铁10号线(基隆路--航中路),18,上海,上海市,"31.24577447,121.4778254"
上海南京东路(地铁站),上海地铁10号线(基隆路--航中路),19,上海,上海市,"31.24007135,121.48014161"
上海豫园(地铁站),上海地铁10号线(基隆路--航中路),20,上海,上海市,"31.22998716,121.4829502"
上海老西门(地铁站),上海地铁10号线(基隆路--航中路),21,上海,上海市,"31.22099095,121.47930432"
上海一大会址·新天地(地铁站),上海地铁10号线(基隆路--航中路),22,上海,上海市,"31.21832068,121.47066417"
上海陕西南路(地铁站),上海地铁10号线(基隆路--航中路),23,上海,上海市,"31.21706068,121.45417687"
上海上海图书馆(地铁站),上海地铁10号线(基隆路--航中路),24,上海,上海市,"31.20984411,121.43976096"
上海交通大学(地铁站),上海地铁10号线(基隆路--航中路),25,上海,上海市,"31.20408639,121.43063299"
上海虹桥路(地铁站),上海地铁10号线(基隆路--航中路),26,上海,上海市,"31.19849352,121.41782501"
上海宋园路(地铁站),上海地铁10号线(基隆路--航中路),27,上海,上海市,"31.19839438,121.40743412"
上海伊犁路(地铁站),上海地铁10号线(基隆路--航中路),28,上海,上海市,"31.20072923,121.39924956"
上海水城路(地铁站),上海地铁10号线(基隆路--航中路),29,上海,上海市,"31.20133358,121.38761183"
上海龙溪路(地铁站),上海地铁10号线(基隆路--航中路),30,上海,上海市,"31.19626243,121.37539866"
上海龙柏新村(地铁站),上海地铁10号线(基隆路--航中路),31,上海,上海市,"31.17876429,121.36585762"
上海紫藤路(地铁站),上海地铁10号线(基隆路--航中路),32,上海,上海市,"31.17156674,121.36021842"
上海航中路(地铁站),上海地铁10号线(基隆路--航中路),33,上海,上海市,"31.16732704,121.35073979"
上海花桥(地铁站),上海地铁11号线(花桥--迪士尼),1,上海,上海市,"31.30060201,121.09978376"
上海光明路(地铁站),上海地铁11号线(花桥--迪士尼),2,上海,上海市,"31.29802922,121.11257016"
上海兆丰路(地铁站),上海地铁11号线(花桥--迪士尼),3,上海,上海市,"31.29091197,121.14574343"
上海安亭(地铁站),上海地铁11号线(花桥--迪士尼),4,上海,上海市,"31.29037589,121.15743652"
上海上海汽车城(地铁站),上海地铁11号线(花桥--迪士尼),5,上海,上海市,"31.28732593,121.176231"
上海昌吉东路(地铁站),上海地铁11号线(花桥--迪士尼),6,上海,上海市,"31.29557396,121.19590911"
上海上海赛车场(地铁站),上海地铁11号线(花桥--迪士尼),7,上海,上海市,"31.33386846,121.2216538"
上海嘉定新城(地铁站),上海地铁11号线(花桥--迪士尼),8,上海,上海市,"31.3320429,121.24985975"
上海马陆(地铁站),上海地铁11号线(花桥--迪士尼),9,上海,上海市,"31.32164725,121.27245478"
上海陈翔公路(地铁站),上海地铁11号线(花桥--迪士尼),10,上海,上海市,"31.30841784,121.30228476"
上海南翔(地铁站),上海地铁11号线(花桥--迪士尼),11,上海,上海市,"31.29885985,121.31860298"
上海桃浦新村(地铁站),上海地铁11号线(花桥--迪士尼),12,上海,上海市,"31.28346744,121.3450287"
上海武威路(地铁站),上海地铁11号线(花桥--迪士尼),13,上海,上海市,"31.27848972,121.36005498"
上海祁连山路(地铁站),上海地铁11号线(花桥--迪士尼),14,上海,上海市,"31.27348105,121.37139589"
上海李子园(地铁站),上海地铁11号线(花桥--迪士尼),15,上海,上海市,"31.27084124,121.38531699"
上海上海西站(地铁站),上海地铁11号线(花桥--迪士尼),16,上海,上海市,"31.26456465,121.39596434"
上海真如(地铁站),上海地铁11号线(花桥--迪士尼),17,上海,上海市,"31.25259418,121.40256668"
上海枫桥路(地铁站),上海地铁11号线(花桥--迪士尼),18,上海,上海市,"31.24368149,121.4067513"
上海曹杨路(地铁站),上海地铁11号线(花桥--迪士尼),19,上海,上海市,"31.23966109,121.41291566"
上海隆德路(地铁站),上海地铁11号线(花桥--迪士尼),20,上海,上海市,"31.23235347,121.41893721"
上海江苏路(地铁站),上海地铁11号线(花桥--迪士尼),21,上海,上海市,"31.22226532,121.42600591"
上海交通大学(地铁站),上海地铁11号线(花桥--迪士尼),22,上海,上海市,"31.20408543,121.43063223"
上海徐家汇(地铁站),上海地铁11号线(花桥--迪士尼),23,上海,上海市,"31.19631547,121.43156353"
上海上海游泳馆(地铁站),上海地铁11号线(花桥--迪士尼),24,上海,上海市,"31.18101691,121.43681851"
上海龙华(地铁站),上海地铁11号线(花桥--迪士尼),25,上海,上海市,"31.17459069,121.44837924"
上海云锦路(地铁站),上海地铁11号线(花桥--迪士尼),26,上海,上海市,"31.16842264,121.45395526"
上海龙耀路(地铁站),上海地铁11号线(花桥--迪士尼),27,上海,上海市,"31.16166036,121.45514244"
上海东方体育中心(地铁站),上海地铁11号线(花桥--迪士尼),28,上海,上海市,"31.15536479,121.47580925"
上海三林(地铁站),上海地铁11号线(花桥--迪士尼),29,上海,上海市,"31.14532124,121.50741448"
上海三林东(地铁站),上海地铁11号线(花桥--迪士尼),30,上海,上海市,"31.14858748,121.51865631"
上海浦三路(地铁站),上海地铁11号线(花桥--迪士尼),31,上海,上海市,"31.15302848,121.53471234"
上海康恒路(地铁站),上海地铁11号线(花桥--迪士尼),32,上海,上海市,"31.15642746,121.54944503"
上海御桥(地铁站),上海地铁11号线(花桥--迪士尼),33,上海,上海市,"31.16035288,121.56669403"
上海罗山路(地铁站),上海地铁11号线(花桥--迪士尼),34,上海,上海市,"31.15549895,121.58895486"
上海秀沿路(地铁站),上海地铁11号线(花桥--迪士尼),35,上海,上海市,"31.14037617,121.59419578"
上海康新公路(地铁站),上海地铁11号线(花桥--迪士尼),36,上海,上海市,"31.13268532,121.61300173"
上海迪士尼(地铁站),上海地铁11号线(花桥--迪士尼),37,上海,上海市,"31.14342517,121.66368405"
上海迪士尼(地铁站),上海地铁11号线(迪士尼--花桥),1,上海,上海市,"31.14342634,121.66368379"
上海康新公路(地铁站),上海地铁11号线(迪士尼--花桥),2,上海,上海市,"31.13268638,121.61300148"
上海秀沿路(地铁站),上海地铁11号线(迪士尼--花桥),3,上海,上海市,"31.14037645,121.59419652"
上海罗山路(地铁站),上海地铁11号线(迪士尼--花桥),4,上海,上海市,"31.15549977,121.58895515"
上海御桥(地铁站),上海地铁11号线(迪士尼--花桥),5,上海,上海市,"31.16035324,121.56669521"
上海康恒路(地铁站),上海地铁11号线(迪士尼--花桥),6,上海,上海市,"31.15642647,121.54944599"
上海浦三路(地铁站),上海地铁11号线(迪士尼--花桥),7,上海,上海市,"31.1530281,121.53471204"
上海三林东(地铁站),上海地铁11号线(迪士尼--花桥),8,上海,上海市,"31.14858774,121.51865696"
上海三林(地铁站),上海地铁11号线(迪士尼--花桥),9,上海,上海市,"31.14532182,121.50741449"
上海东方体育中心(地铁站),上海地铁11号线(迪士尼--花桥),10,上海,上海市,"31.1553649,121.47580907"
上海龙耀路(地铁站),上海地铁11号线(迪士尼--花桥),11,上海,上海市,"31.16166118,121.45514159"
上海云锦路(地铁站),上海地铁11号线(迪士尼--花桥),12,上海,上海市,"31.16842318,121.45395448"
上海龙华(地铁站),上海地铁11号线(迪士尼--花桥),13,上海,上海市,"31.17459161,121.44837847"
上海上海游泳馆(地铁站),上海地铁11号线(迪士尼--花桥),14,上海,上海市,"31.18101764,121.43681812"
上海徐家汇(地铁站),上海地铁11号线(迪士尼--花桥),15,上海,上海市,"31.19631511,121.43156358"
上海交通大学(地铁站),上海地铁11号线(迪士尼--花桥),16,上海,上海市,"31.20408591,121.43063416"
上海江苏路(地铁站),上海地铁11号线(迪士尼--花桥),17,上海,上海市,"31.22226608,121.42600507"
上海隆德路(地铁站),上海地铁11号线(迪士尼--花桥),18,上海,上海市,"31.23235426,121.41893685"
上海曹杨路(地铁站),上海地铁11号线(迪士尼--花桥),19,上海,上海市,"31.23966097,121.41291558"
上海枫桥路(地铁站),上海地铁11号线(迪士尼--花桥),20,上海,上海市,"31.24368225,121.40675151"
上海真如(地铁站),上海地铁11号线(迪士尼--花桥),21,上海,上海市,"31.2525941,121.40256549"
上海上海西站(地铁站),上海地铁11号线(迪士尼--花桥),22,上海,上海市,"31.26456307,121.39596398"
上海李子园(地铁站),上海地铁11号线(迪士尼--花桥),23,上海,上海市,"31.27084225,121.38531709"
上海祁连山路(地铁站),上海地铁11号线(迪士尼--花桥),24,上海,上海市,"31.27348053,121.37139608"
上海武威路(地铁站),上海地铁11号线(迪士尼--花桥),25,上海,上海市,"31.27848825,121.36005519"
上海桃浦新村(地铁站),上海地铁11号线(迪士尼--花桥),26,上海,上海市,"31.28346761,121.34502894"
上海南翔(地铁站),上海地铁11号线(迪士尼--花桥),27,上海,上海市,"31.29885949,121.31860258"
上海陈翔公路(地铁站),上海地铁11号线(迪士尼--花桥),28,上海,上海市,"31.30841925,121.30228423"
上海马陆(地铁站),上海地铁11号线(迪士尼--花桥),29,上海,上海市,"31.32164697,121.2724544"
上海嘉定新城(地铁站),上海地铁11号线(迪士尼--花桥),30,上海,上海市,"31.33204366,121.24985878"
上海上海赛车场(地铁站),上海地铁11号线(迪士尼--花桥),31,上海,上海市,"31.33386842,121.22165474"
上海昌吉东路(地铁站),上海地铁11号线(迪士尼--花桥),32,上海,上海市,"31.29557253,121.19590977"
上海上海汽车城(地铁站),上海地铁11号线(迪士尼--花桥),33,上海,上海市,"31.28732476,121.17623168"
上海安亭(地铁站),上海地铁11号线(迪士尼--花桥),34,上海,上海市,"31.29037666,121.15743503"
上海兆丰路(地铁站),上海地铁11号线(迪士尼--花桥),35,上海,上海市,"31.29091275,121.14574305"
上海光明路(地铁站),上海地铁11号线(迪士尼--花桥),36,上海,上海市,"31.29802821,121.11256857"
上海花桥(地铁站),上海地铁11号线(迪士尼--花桥),37,上海,上海市,"31.30060075,121.09978481"
上海洞泾(地铁站),上海地铁12号线西延线(洞泾--七莘路),1,上海,上海市,"31.0885137,121.22700371"
上海刘五公路(地铁站),上海地铁12号线西延线(洞泾--七莘路),2,上海,上海市,"31.09236116,121.24445053"
上海同乐路(地铁站),上海地铁12号线西延线(洞泾--七莘路),3,上海,上海市,"31.09478442,121.26457257"
上海千帆路(地铁站),上海地铁12号线西延线(洞泾--七莘路),4,上海,上海市,"31.09426085,121.31996835"
上海场西路(地铁站),上海地铁12号线西延线(洞泾--七莘路),5,上海,上海市,"31.09526666,121.33529712"
上海场东路(地铁站),上海地铁12号线西延线(洞泾--七莘路),6,上海,上海市,"31.101699,121.35311085"
上海七莘路(地铁站),上海地铁12号线西延线(洞泾--七莘路),7,上海,上海市,"31.13355308,121.3578553"
上海七莘路(地铁站),上海地铁12号线西延线(七莘路--洞泾),1,上海,上海市,"31.13355178,121.35785556"
上海场东路(地铁站),上海地铁12号线西延线(七莘路--洞泾),2,上海,上海市,"31.10169949,121.35311134"
上海场西路(地铁站),上海地铁12号线西延线(七莘路--洞泾),3,上海,上海市,"31.09526807,121.3352979"
上海千帆路(地铁站),上海地铁12号线西延线(七莘路--洞泾),4,上海,上海市,"31.09426136,121.31996955"
上海同乐路(地铁站),上海地铁12号线西延线(七莘路--洞泾),5,上海,上海市,"31.09478363,121.26457197"
上海刘五公路(地铁站),上海地铁12号线西延线(七莘路--洞泾),6,上海,上海市,"31.09236238,121.24445016"
上海洞泾(地铁站),上海地铁12号线西延线(七莘路--洞泾),7,上海,上海市,"31.08851385,121.22700388"
上海洞泾(地铁站),上海地铁12号线西延线(洞泾--七莘路),1,上海,上海市,"31.08851228,121.22700238"
上海刘五公路(地铁站),上海地铁12号线西延线(洞泾--七莘路),2,上海,上海市,"31.09236146,121.24445036"
上海同乐路(地铁站),上海地铁12号线西延线(洞泾--七莘路),3,上海,上海市,"31.09478366,121.26457316"
上海千帆路(地铁站),上海地铁12号线西延线(洞泾--七莘路),4,上海,上海市,"31.09426173,121.31996894"
上海场西路(地铁站),上海地铁12号线西延线(洞泾--七莘路),5,上海,上海市,"31.09526782,121.33529759"
上海场东路(地铁站),上海地铁12号线西延线(洞泾--七莘路),6,上海,上海市,"31.10169907,121.35311178"
上海七莘路(地铁站),上海地铁12号线西延线(洞泾--七莘路),7,上海,上海市,"31.13355171,121.35785647"
上海七莘路(地铁站),上海地铁12号线西延线(七莘路--洞泾),1,上海,上海市,"31.13355212,121.35785642"
上海场东路(地铁站),上海地铁12号线西延线(七莘路--洞泾),2,上海,上海市,"31.10169919,121.35311076"
上海场西路(地铁站),上海地铁12号线西延线(七莘路--洞泾),3,上海,上海市,"31.09526842,121.33529713"
上海千帆路(地铁站),上海地铁12号线西延线(七莘路--洞泾),4,上海,上海市,"31.09426117,121.31996889"
上海同乐路(地铁站),上海地铁12号线西延线(七莘路--洞泾),5,上海,上海市,"31.09478477,121.26457248"
上海刘五公路(地铁站),上海地铁12号线西延线(七莘路--洞泾),6,上海,上海市,"31.09236239,121.24445102"
上海洞泾(地铁站),上海地铁12号线西延线(七莘路--洞泾),7,上海,上海市,"31.08851203,121.22700234"
上海金运路(地铁站),上海地铁13号线西延伸(金运路--国家会展中心),1,上海,上海市,"31.24292476,121.31478499"
上海纪翟路(地铁站),上海地铁13号线西延伸(金运路--国家会展中心),2,上海,上海市,"31.23184766,121.27375066"
上海前湾公园(地铁站),上海地铁13号线西延伸(金运路--国家会展中心),3,上海,上海市,"31.22211677,121.2689515"
上海季乐路(地铁站),上海地铁13号线西延伸(金运路--国家会展中心),4,上海,上海市,"31.21312717,121.27352405"
上海运乐路(地铁站),上海地铁13号线西延伸(金运路--国家会展中心),5,上海,上海市,"31.2065418,121.27868808"
上海国家会展中心(地铁站),上海地铁13号线西延伸(金运路--国家会展中心),6,上海,上海市,"31.19365908,121.29080972"
上海张江路(地铁站),上海地铁13号线(张江路--金运路),1,上海,上海市,"31.19133184,121.62496756"
上海学林路(地铁站),上海地铁13号线(张江路--金运路),2,上海,上海市,"31.18569556,121.61016176"
上海中科路(地铁站),上海地铁13号线(张江路--金运路),3,上海,上海市,"31.1810885,121.5982677"
上海华夏中路(地铁站),上海地铁13号线(张江路--金运路),4,上海,上海市,"31.17667752,121.57687067"
上海莲溪路(地铁站),上海地铁13号线(张江路--金运路),5,上海,上海市,"31.1713205,121.56218668"
上海陈春路(地铁站),上海地铁13号线(张江路--金运路),6,上海,上海市,"31.17728902,121.55394909"
上海北蔡(地铁站),上海地铁13号线(张江路--金运路),7,上海,上海市,"31.18231184,121.54775814"
上海下南路(地铁站),上海地铁13号线(张江路--金运路),8,上海,上海市,"31.18145149,121.53589756"
上海华鹏路(地铁站),上海地铁13号线(张江路--金运路),9,上海,上海市,"31.17839828,121.52223404"
上海东明路(地铁站),上海地铁13号线(张江路--金运路),10,上海,上海市,"31.17493603,121.50784279"
上海成山路(地铁站),上海地铁13号线(张江路--金运路),11,上海,上海市,"31.17348308,121.4927046"
上海长清路(地铁站),上海地铁13号线(张江路--金运路),12,上海,上海市,"31.17602056,121.48405606"
上海世博大道(地铁站),上海地铁13号线(张江路--金运路),13,上海,上海市,"31.18478505,121.47982905"
上海世博会博物馆(地铁站),上海地铁13号线(张江路--金运路),14,上海,上海市,"31.19955139,121.47709871"
上海马当路(地铁站),上海地铁13号线(张江路--金运路),15,上海,上海市,"31.21188971,121.47169519"
上海一大会址·新天地(地铁站),上海地铁13号线(张江路--金运路),16,上海,上海市,"31.21771013,121.47004093"
上海淮海中路(地铁站),上海地铁13号线(张江路--金运路),17,上海,上海市,"31.22197834,121.45981164"
上海南京西路(地铁站),上海地铁13号线(张江路--金运路),18,上海,上海市,"31.23048345,121.45787663"
上海自然博物馆(地铁站),上海地铁13号线(张江路--金运路),19,上海,上海市,"31.23836079,121.45780639"
上海汉中路(地铁站),上海地铁13号线(张江路--金运路),20,上海,上海市,"31.24248963,121.45435838"
上海江宁路(地铁站),上海地铁13号线(张江路--金运路),21,上海,上海市,"31.24615106,121.44022509"
上海长寿路(地铁站),上海地铁13号线(张江路--金运路),22,上海,上海市,"31.24271926,121.43365521"
上海武宁路(地铁站),上海地铁13号线(张江路--金运路),23,上海,上海市,"31.23619674,121.42587425"
上海隆德路(地铁站),上海地铁13号线(张江路--金运路),24,上海,上海市,"31.23235318,121.41893589"
上海金沙江路(地铁站),上海地铁13号线(张江路--金运路),25,上海,上海市,"31.23301039,121.40711243"
上海大渡河路(地铁站),上海地铁13号线(张江路--金运路),26,上海,上海市,"31.23358816,121.38978085"
上海真北路(地铁站),上海地铁13号线(张江路--金运路),27,上海,上海市,"31.23407809,121.37730662"
上海祁连山南路(地铁站),上海地铁13号线(张江路--金运路),28,上海,上海市,"31.23948165,121.3626512"
上海丰庄(地铁站),上海地铁13号线(张江路--金运路),29,上海,上海市,"31.24442523,121.35053776"
上海金沙江西路(地铁站),上海地铁13号线(张江路--金运路),30,上海,上海市,"31.24306045,121.33059662"
上海金运路(地铁站),上海地铁13号线(张江路--金运路),31,上海,上海市,"31.24292484,121.31478457"
上海张江路(地铁站),上海地铁13号线东延伸(张江路--丹桂路),1,上海,上海市,"31.19133249,121.62496814"
上海高科中路(地铁站),上海地铁13号线东延伸(张江路--丹桂路),2,上海,上海市,"31.20609713,121.63009543"
上海丹桂路(地铁站),上海地铁13号线东延伸(张江路--丹桂路),3,上海,上海市,"31.22489477,121.62806084"
上海丹桂路(地铁站),上海地铁13号线东延伸(丹桂路--张江路),1,上海,上海市,"31.22489453,121.62806038"
上海高科中路(地铁站),上海地铁13号线东延伸(丹桂路--张江路),2,上海,上海市,"31.20609801,121.63009668"
上海张江路(地铁站),上海地铁13号线东延伸(丹桂路--张江路),3,上海,上海市,"31.19133112,121.62496819"
上海金运路(地铁站),上海地铁13号线西延伸(金运路--国家会展中心),1,上海,上海市,"31.24292525,121.31478358"
上海纪翟路(地铁站),上海地铁13号线西延伸(金运路--国家会展中心),2,上海,上海市,"31.23184844,121.27375073"
上海前湾公园(地铁站),上海地铁13号线西延伸(金运路--国家会展中心),3,上海,上海市,"31.22211721,121.26895054"
上海季乐路(地铁站),上海地铁13号线西延伸(金运路--国家会展中心),4,上海,上海市,"31.21312672,121.27352331"
上海运乐路(地铁站),上海地铁13号线西延伸(金运路--国家会展中心),5,上海,上海市,"31.20654068,121.27868759"
上海国家会展中心(地铁站),上海地铁13号线西延伸(金运路--国家会展中心),6,上海,上海市,"31.19365875,121.29081117"
上海国家会展中心(地铁站),上海地铁13号线西延伸(国家会展中心--金运路),1,上海,上海市,"31.19365829,121.29080963"
上海运乐路(地铁站),上海地铁13号线西延伸(国家会展中心--金运路),2,上海,上海市,"31.20654081,121.27868754"
上海季乐路(地铁站),上海地铁13号线西延伸(国家会展中心--金运路),3,上海,上海市,"31.21312706,121.27352302"
上海前湾公园(地铁站),上海地铁13号线西延伸(国家会展中心--金运路),4,上海,上海市,"31.22211744,121.26895099"
上海纪翟路(地铁站),上海地铁13号线西延伸(国家会展中心--金运路),5,上海,上海市,"31.23184826,121.27374893"
上海金运路(地铁站),上海地铁13号线西延伸(国家会展中心--金运路),6,上海,上海市,"31.24292496,121.31478305"
上海封浜(地铁站),上海地铁14号线(封浜--桂桥路),1,上海,上海市,"31.26945355,121.29252629"
上海乐秀路(地铁站),上海地铁14号线(封浜--桂桥路),2,上海,上海市,"31.26730062,121.30958834"
上海临洮路(地铁站),上海地铁14号线(封浜--桂桥路),3,上海,上海市,"31.26496579,121.32630836"
上海嘉怡路(地铁站),上海地铁14号线(封浜--桂桥路),4,上海,上海市,"31.26107566,121.3411121"
上海定边路(地铁站),上海地铁14号线(封浜--桂桥路),5,上海,上海市,"31.25824638,121.35777912"
上海真新新村(地铁站),上海地铁14号线(封浜--桂桥路),6,上海,上海市,"31.25740922,121.36731775"
上海真光路(地铁站),上海地铁14号线(封浜--桂桥路),7,上海,上海市,"31.25511087,121.37951666"
上海铜川路(地铁站),上海地铁14号线(封浜--桂桥路),8,上海,上海市,"31.25255939,121.39238432"
上海真如(地铁站),上海地铁14号线(封浜--桂桥路),9,上海,上海市,"31.25266988,121.40142696"
上海中宁路(地铁站),上海地铁14号线(封浜--桂桥路),10,上海,上海市,"31.2468811,121.40988689"
上海曹杨路(地铁站),上海地铁14号线(封浜--桂桥路),11,上海,上海市,"31.24174738,121.41704482"
上海武宁路(地铁站),上海地铁14号线(封浜--桂桥路),12,上海,上海市,"31.23445305,121.42663084"
上海武定路(地铁站),上海地铁14号线(封浜--桂桥路),13,上海,上海市,"31.22916475,121.43153608"
上海静安寺(地铁站),上海地铁14号线(封浜--桂桥路),14,上海,上海市,"31.22381166,121.44082279"
上海一大会址·黄陂南路(地铁站),上海地铁14号线(封浜--桂桥路),15,上海,上海市,"31.22559553,121.46781273"
上海大世界(地铁站),上海地铁14号线(封浜--桂桥路),16,上海,上海市,"31.22886076,121.47579288"
上海豫园(地铁站),上海地铁14号线(封浜--桂桥路),17,上海,上海市,"31.23153683,121.48447926"
上海陆家嘴(地铁站),上海地铁14号线(封浜--桂桥路),18,上海,上海市,"31.23721193,121.49841911"
上海浦东南路(地铁站),上海地铁14号线(封浜--桂桥路),19,上海,上海市,"31.24058401,121.50802556"
上海浦东大道(地铁站),上海地铁14号线(封浜--桂桥路),20,上海,上海市,"31.24237897,121.51493898"
上海源深路(地铁站),上海地铁14号线(封浜--桂桥路),21,上海,上海市,"31.24342127,121.52669107"
上海昌邑路(地铁站),上海地铁14号线(封浜--桂桥路),22,上海,上海市,"31.24606368,121.53580789"
上海歇浦路(地铁站),上海地铁14号线(封浜--桂桥路),23,上海,上海市,"31.25287494,121.54723957"
上海龙居路(地铁站),上海地铁14号线(封浜--桂桥路),24,上海,上海市,"31.25892854,121.55400218"
上海云山路(地铁站),上海地铁14号线(封浜--桂桥路),25,上海,上海市,"31.25314734,121.56692608"
上海蓝天路(地铁站),上海地铁14号线(封浜--桂桥路),26,上海,上海市,"31.24321719,121.57377833"
上海黄杨路(地铁站),上海地铁14号线(封浜--桂桥路),27,上海,上海市,"31.23619759,121.58680965"
上海云顺路(地铁站),上海地铁14号线(封浜--桂桥路),28,上海,上海市,"31.2392636,121.59613521"
上海浦东足球场(地铁站),上海地铁14号线(封浜--桂桥路),29,上海,上海市,"31.24383498,121.61122435"
上海金粤路(地铁站),上海地铁14号线(封浜--桂桥路),30,上海,上海市,"31.24426995,121.62479764"
上海桂桥路(地铁站),上海地铁14号线(封浜--桂桥路),31,上海,上海市,"31.25158562,121.63085915"
上海桂桥路(地铁站),上海地铁14号线(桂桥路--封浜),1,上海,上海市,"31.25158533,121.63086074"
上海金粤路(地铁站),上海地铁14号线(桂桥路--封浜),2,上海,上海市,"31.24426898,121.6247971"
上海浦东足球场(地铁站),上海地铁14号线(桂桥路--封浜),3,上海,上海市,"31.24383637,121.61122382"
上海云顺路(地铁站),上海地铁14号线(桂桥路--封浜),4,上海,上海市,"31.23926331,121.5961335"
上海黄杨路(地铁站),上海地铁14号线(桂桥路--封浜),5,上海,上海市,"31.23619882,121.58681071"
上海蓝天路(地铁站),上海地铁14号线(桂桥路--封浜),6,上海,上海市,"31.24321747,121.57377964"
上海云山路(地铁站),上海地铁14号线(桂桥路--封浜),7,上海,上海市,"31.25314704,121.56692717"
上海龙居路(地铁站),上海地铁14号线(桂桥路--封浜),8,上海,上海市,"31.25892761,121.55400224"
上海歇浦路(地铁站),上海地铁14号线(桂桥路--封浜),9,上海,上海市,"31.25287499,121.54723882"
上海昌邑路(地铁站),上海地铁14号线(桂桥路--封浜),10,上海,上海市,"31.2460638,121.53580683"
上海源深路(地铁站),上海地铁14号线(桂桥路--封浜),11,上海,上海市,"31.24342091,121.52669142"
上海浦东大道(地铁站),上海地铁14号线(桂桥路--封浜),12,上海,上海市,"31.24237937,121.5149386"
上海浦东南路(地铁站),上海地铁14号线(桂桥路--封浜),13,上海,上海市,"31.24058463,121.5080241"
上海陆家嘴(地铁站),上海地铁14号线(桂桥路--封浜),14,上海,上海市,"31.23721284,121.49841946"
上海豫园(地铁站),上海地铁14号线(桂桥路--封浜),15,上海,上海市,"31.23153665,121.48447842"
上海大世界(地铁站),上海地铁14号线(桂桥路--封浜),16,上海,上海市,"31.22886086,121.47579334"
上海一大会址·黄陂南路(地铁站),上海地铁14号线(桂桥路--封浜),17,上海,上海市,"31.2255953,121.4678121"
上海静安寺(地铁站),上海地铁14号线(桂桥路--封浜),18,上海,上海市,"31.22381265,121.44082433"
上海武定路(地铁站),上海地铁14号线(桂桥路--封浜),19,上海,上海市,"31.22916574,121.43153656"
上海武宁路(地铁站),上海地铁14号线(桂桥路--封浜),20,上海,上海市,"31.23445425,121.4266307"
上海曹杨路(地铁站),上海地铁14号线(桂桥路--封浜),21,上海,上海市,"31.24174718,121.41704441"
上海中宁路(地铁站),上海地铁14号线(桂桥路--封浜),22,上海,上海市,"31.2468804,121.40988739"
上海真如(地铁站),上海地铁14号线(桂桥路--封浜),23,上海,上海市,"31.2526697,121.40142655"
上海铜川路(地铁站),上海地铁14号线(桂桥路--封浜),24,上海,上海市,"31.25256014,121.39238381"
上海真光路(地铁站),上海地铁14号线(桂桥路--封浜),25,上海,上海市,"31.25510911,121.37951589"
上海真新新村(地铁站),上海地铁14号线(桂桥路--封浜),26,上海,上海市,"31.25740938,121.36731653"
上海定边路(地铁站),上海地铁14号线(桂桥路--封浜),27,上海,上海市,"31.25824747,121.35777926"
上海嘉怡路(地铁站),上海地铁14号线(桂桥路--封浜),28,上海,上海市,"31.2610771,121.34111164"
上海临洮路(地铁站),上海地铁14号线(桂桥路--封浜),29,上海,上海市,"31.26496543,121.3263087"
上海乐秀路(地铁站),上海地铁14号线(桂桥路--封浜),30,上海,上海市,"31.26730108,121.30958819"
上海封浜(地铁站),上海地铁14号线(桂桥路--封浜),31,上海,上海市,"31.26945446,121.29252597"
上海望园路(地铁站),上海地铁15号线南延(望园路--紫竹高新区),1,上海,上海市,"30.93451173,121.47759704"
上海东方美谷大道(地铁站),上海地铁15号线南延(望园路--紫竹高新区),2,上海,上海市,"30.95041477,121.4725077"
上海汇丰北路(地铁站),上海地铁15号线南延(望园路--紫竹高新区),3,上海,上海市,"30.97168412,121.46573426"
上海西闸公路(地铁站),上海地铁15号线南延(望园路--紫竹高新区),4,上海,上海市,"31.00290792,121.45715147"
上海兰香湖南路(地铁站),上海地铁15号线南延(望园路--紫竹高新区),5,上海,上海市,"31.01604067,121.45091237"
上海紫竹高新区(地铁站),上海地铁15号线南延(望园路--紫竹高新区),6,上海,上海市,"31.02518901,121.44664957"
上海顾村公园(地铁站),上海地铁15号线(顾村公园--紫竹高新区),1,上海,上海市,"31.34639976,121.36836747"
上海锦秋路(地铁站),上海地铁15号线(顾村公园--紫竹高新区),2,上海,上海市,"31.32198977,121.3771156"
上海丰翔路(地铁站),上海地铁15号线(顾村公园--紫竹高新区),3,上海,上海市,"31.31003022,121.3762258"
上海南大路(地铁站),上海地铁15号线(顾村公园--紫竹高新区),4,上海,上海市,"31.30107921,121.37570032"
上海祁安路(地铁站),上海地铁15号线(顾村公园--紫竹高新区),5,上海,上海市,"31.29337273,121.38016309"
上海古浪路(地铁站),上海地铁15号线(顾村公园--紫竹高新区),6,上海,上海市,"31.28632193,121.38756425"
上海武威东路(地铁站),上海地铁15号线(顾村公园--紫竹高新区),7,上海,上海市,"31.27746498,121.38744141"
上海上海西站(地铁站),上海地铁15号线(顾村公园--紫竹高新区),8,上海,上海市,"31.2647965,121.39675291"
上海铜川路(地铁站),上海地铁15号线(顾村公园--紫竹高新区),9,上海,上海市,"31.25350689,121.39291711"
上海梅岭北路(地铁站),上海地铁15号线(顾村公园--紫竹高新区),10,上海,上海市,"31.24513186,121.39234572"
上海大渡河路(地铁站),上海地铁15号线(顾村公园--紫竹高新区),11,上海,上海市,"31.23470352,121.39158153"
上海长风公园(地铁站),上海地铁15号线(顾村公园--紫竹高新区),12,上海,上海市,"31.22709264,121.39166953"
上海娄山关路(地铁站),上海地铁15号线(顾村公园--紫竹高新区),13,上海,上海市,"31.21489265,121.39535115"
上海红宝石路(地铁站),上海地铁15号线(顾村公园--紫竹高新区),14,上海,上海市,"31.20071293,121.39372387"
上海姚虹路(地铁站),上海地铁15号线(顾村公园--紫竹高新区),15,上海,上海市,"31.19340436,121.40175646"
上海吴中路(地铁站),上海地铁15号线(顾村公园--紫竹高新区),16,上海,上海市,"31.18620567,121.40926113"
上海桂林路(地铁站),上海地铁15号线(顾村公园--紫竹高新区),17,上海,上海市,"31.17885574,121.41070593"
上海桂林公园(地铁站),上海地铁15号线(顾村公园--紫竹高新区),18,上海,上海市,"31.16969745,121.41383358"
上海上海南站(地铁站),上海地铁15号线(顾村公园--紫竹高新区),19,上海,上海市,"31.15846993,121.42595659"
上海华东理工大学(地铁站),上海地铁15号线(顾村公园--紫竹高新区),20,上海,上海市,"31.14615028,121.4243654"
上海罗秀路(地铁站),上海地铁15号线(顾村公园--紫竹高新区),21,上海,上海市,"31.13346111,121.43119261"
上海朱梅路(地铁站),上海地铁15号线(顾村公园--紫竹高新区),22,上海,上海市,"31.1262813,121.43319471"
上海景洪路(15号线)(地铁站),上海地铁15号线(顾村公园--紫竹高新区),23,上海,上海市,"31.1153545,121.43553426"
上海虹梅南路(地铁站),上海地铁15号线(顾村公园--紫竹高新区),24,上海,上海市,"31.10576035,121.42844382"
上海景西路(地铁站),上海地铁15号线(顾村公园--紫竹高新区),25,上海,上海市,"31.1016348,121.41412656"
上海曙建路(地铁站),上海地铁15号线(顾村公园--紫竹高新区),26,上海,上海市,"31.09253671,121.41326399"
上海双柏路(地铁站),上海地铁15号线(顾村公园--紫竹高新区),27,上海,上海市,"31.08513368,121.41712138"
上海元江路(地铁站),上海地铁15号线(顾村公园--紫竹高新区),28,上海,上海市,"31.06475803,121.42728698"
上海永德路(地铁站),上海地铁15号线(顾村公园--紫竹高新区),29,上海,上海市,"31.04112041,121.438612"
上海紫竹高新区(地铁站),上海地铁15号线(顾村公园--紫竹高新区),30,上海,上海市,"31.02518782,121.44665152"
上海望园路(地铁站),上海地铁15号线南延(望园路--紫竹高新区),1,上海,上海市,"30.93451138,121.4775984"
上海东方美谷大道(地铁站),上海地铁15号线南延(望园路--紫竹高新区),2,上海,上海市,"30.95041468,121.47250757"
上海汇丰北路(地铁站),上海地铁15号线南延(望园路--紫竹高新区),3,上海,上海市,"30.97168448,121.46573365"
上海西闸公路(地铁站),上海地铁15号线南延(望园路--紫竹高新区),4,上海,上海市,"31.00290755,121.45715062"
上海兰香湖南路(地铁站),上海地铁15号线南延(望园路--紫竹高新区),5,上海,上海市,"31.01604008,121.45091235"
上海紫竹高新区(地铁站),上海地铁15号线南延(望园路--紫竹高新区),6,上海,上海市,"31.02518836,121.44665016"
上海紫竹高新区(地铁站),上海地铁15号线南延(紫竹高新区--望园路),1,上海,上海市,"31.02518955,121.44665025"
上海兰香湖南路(地铁站),上海地铁15号线南延(紫竹高新区--望园路),2,上海,上海市,"31.01604186,121.45091287"
上海西闸公路(地铁站),上海地铁15号线南延(紫竹高新区--望园路),3,上海,上海市,"31.00290646,121.45715029"
上海汇丰北路(地铁站),上海地铁15号线南延(紫竹高新区--望园路),4,上海,上海市,"30.9716849,121.46573454"
上海东方美谷大道(地铁站),上海地铁15号线南延(紫竹高新区--望园路),5,上海,上海市,"30.95041501,121.47250863"
上海望园路(地铁站),上海地铁15号线南延(紫竹高新区--望园路),6,上海,上海市,"30.93451217,121.47759807"
上海滴水湖(地铁站),上海地铁16号线(滴水湖--龙阳路),1,上海,上海市,"30.9096055,121.9254926"
上海临港大道(地铁站),上海地铁16号线(滴水湖--龙阳路),2,上海,上海市,"30.92588602,121.90677117"
上海书院(地铁站),上海地铁16号线(滴水湖--龙阳路),3,上海,上海市,"30.96156155,121.84635791"
上海惠南东(地铁站),上海地铁16号线(滴水湖--龙阳路),4,上海,上海市,"31.02860619,121.7894958"
上海惠南(地铁站),上海地铁16号线(滴水湖--龙阳路),5,上海,上海市,"31.05593955,121.75732136"
上海野生动物园(地铁站),上海地铁16号线(滴水湖--龙阳路),6,上海,上海市,"31.05248026,121.69489333"
上海新场(地铁站),上海地铁16号线(滴水湖--龙阳路),7,上海,上海市,"31.04781263,121.6447482"
上海航头东(地铁站),上海地铁16号线(滴水湖--龙阳路),8,上海,上海市,"31.05720641,121.61330237"
上海鹤沙航城(地铁站),上海地铁16号线(滴水湖--龙阳路),9,上海,上海市,"31.08007561,121.60704823"
上海周浦东(地铁站),上海地铁16号线(滴水湖--龙阳路),10,上海,上海市,"31.11230033,121.60270416"
上海罗山路(地铁站),上海地铁16号线(滴水湖--龙阳路),11,上海,上海市,"31.15549967,121.5889547"
上海华夏中路(地铁站),上海地铁16号线(滴水湖--龙阳路),12,上海,上海市,"31.17798319,121.57890335"
上海龙阳路(地铁站),上海地铁16号线(滴水湖--龙阳路),13,上海,上海市,"31.20416941,121.55359961"
上海龙阳路(地铁站),上海地铁16号线(龙阳路--滴水湖),1,上海,上海市,"31.20416852,121.55359956"
上海华夏中路(地铁站),上海地铁16号线(龙阳路--滴水湖),2,上海,上海市,"31.17798437,121.57890331"
上海罗山路(地铁站),上海地铁16号线(龙阳路--滴水湖),3,上海,上海市,"31.15549994,121.58895578"
上海周浦东(地铁站),上海地铁16号线(龙阳路--滴水湖),4,上海,上海市,"31.1122994,121.60270416"
上海鹤沙航城(地铁站),上海地铁16号线(龙阳路--滴水湖),5,上海,上海市,"31.0800756,121.60704847"
上海航头东(地铁站),上海地铁16号线(龙阳路--滴水湖),6,上海,上海市,"31.05720615,121.61330195"
上海新场(地铁站),上海地铁16号线(龙阳路--滴水湖),7,上海,上海市,"31.04781116,121.64474826"
上海野生动物园(地铁站),上海地铁16号线(龙阳路--滴水湖),8,上海,上海市,"31.05248185,121.69489252"
上海惠南(地铁站),上海地铁16号线(龙阳路--滴水湖),9,上海,上海市,"31.05593779,121.75732224"
上海惠南东(地铁站),上海地铁16号线(龙阳路--滴水湖),10,上海,上海市,"31.02860574,121.78949507"
上海书院(地铁站),上海地铁16号线(龙阳路--滴水湖),11,上海,上海市,"30.96156085,121.84635881"
上海临港大道(地铁站),上海地铁16号线(龙阳路--滴水湖),12,上海,上海市,"30.92588491,121.90676988"
上海滴水湖(地铁站),上海地铁16号线(龙阳路--滴水湖),13,上海,上海市,"30.90960604,121.92549412"
上海龙阳路(地铁站),上海地铁16号线大站车(龙阳路--滴水湖),1,上海,上海市,"31.2041693,121.55359999"
上海罗山路(地铁站),上海地铁16号线大站车(龙阳路--滴水湖),2,上海,上海市,"31.15549965,121.5889552"
上海新场(地铁站),上海地铁16号线大站车(龙阳路--滴水湖),3,上海,上海市,"31.04781094,121.6447488"
上海惠南(地铁站),上海地铁16号线大站车(龙阳路--滴水湖),4,上海,上海市,"31.05593789,121.75732282"
上海临港大道(地铁站),上海地铁16号线大站车(龙阳路--滴水湖),5,上海,上海市,"30.9258859,121.90676946"
上海滴水湖(地铁站),上海地铁16号线大站车(龙阳路--滴水湖),6,上海,上海市,"30.90960569,121.92549364"
上海滴水湖(地铁站),上海地铁16号线大站车(滴水湖--龙阳路),1,上海,上海市,"30.90960606,121.92549258"
上海临港大道(地铁站),上海地铁16号线大站车(滴水湖--龙阳路),2,上海,上海市,"30.92588502,121.90677088"
上海惠南(地铁站),上海地铁16号线大站车(滴水湖--龙阳路),3,上海,上海市,"31.05593945,121.75732118"
上海新场(地铁站),上海地铁16号线大站车(滴水湖--龙阳路),4,上海,上海市,"31.04781198,121.64474922"
上海罗山路(地铁站),上海地铁16号线大站车(滴水湖--龙阳路),5,上海,上海市,"31.15549911,121.58895579"
上海龙阳路(地铁站),上海地铁16号线大站车(滴水湖--龙阳路),6,上海,上海市,"31.20416983,121.55359973"
上海西岑(地铁站),上海地铁17号线(西岑--虹桥火车站),1,上海,上海市,"31.07273874,120.95991716"
上海东方绿舟(地铁站),上海地铁17号线(西岑--虹桥火车站),2,上海,上海市,"31.10057888,121.0150909"
上海朱家角(地铁站),上海地铁17号线(西岑--虹桥火车站),3,上海,上海市,"31.10255338,121.04445443"
上海淀山湖大道(地铁站),上海地铁17号线(西岑--虹桥火车站),4,上海,上海市,"31.13635263,121.0775358"
上海漕盈路(地铁站),上海地铁17号线(西岑--虹桥火车站),5,上海,上海市,"31.16234035,121.09227886"
上海青浦新城(地铁站),上海地铁17号线(西岑--虹桥火车站),6,上海,上海市,"31.16081444,121.12107333"
上海汇金路(地铁站),上海地铁17号线(西岑--虹桥火车站),7,上海,上海市,"31.16314808,121.14710695"
上海赵巷(地铁站),上海地铁17号线(西岑--虹桥火车站),8,上海,上海市,"31.16324815,121.18780236"
上海嘉松中路(地铁站),上海地铁17号线(西岑--虹桥火车站),9,上海,上海市,"31.1661411,121.21948414"
上海徐泾北城(地铁站),上海地铁17号线(西岑--虹桥火车站),10,上海,上海市,"31.17756662,121.23724653"
上海徐盈路(地铁站),上海地铁17号线(西岑--虹桥火车站),11,上海,上海市,"31.18014848,121.24955482"
上海蟠龙路(地铁站),上海地铁17号线(西岑--虹桥火车站),12,上海,上海市,"31.18835529,121.27420105"
上海国家会展中心(17号线)(地铁站),上海地铁17号线(西岑--虹桥火车站),13,上海,上海市,"31.1936856,121.28857396"
上海虹桥火车站(地铁站),上海地铁17号线(西岑--虹桥火车站),14,上海,上海市,"31.1959849,121.31442983"
上海虹桥火车站(地铁站),上海地铁17号线(虹桥火车站--西岑),1,上海,上海市,"31.19598383,121.31443082"
上海国家会展中心(17号线)(地铁站),上海地铁17号线(虹桥火车站--西岑),2,上海,上海市,"31.19368592,121.28857487"
上海蟠龙路(地铁站),上海地铁17号线(虹桥火车站--西岑),3,上海,上海市,"31.18835556,121.27420231"
上海徐盈路(地铁站),上海地铁17号线(虹桥火车站--西岑),4,上海,上海市,"31.18014882,121.24955466"
上海徐泾北城(地铁站),上海地铁17号线(虹桥火车站--西岑),5,上海,上海市,"31.17756668,121.23724603"
上海嘉松中路(地铁站),上海地铁17号线(虹桥火车站--西岑),6,上海,上海市,"31.16614252,121.21948545"
上海赵巷(地铁站),上海地铁17号线(虹桥火车站--西岑),7,上海,上海市,"31.16324851,121.18780223"
上海汇金路(地铁站),上海地铁17号线(虹桥火车站--西岑),8,上海,上海市,"31.16314709,121.14710703"
上海青浦新城(地铁站),上海地铁17号线(虹桥火车站--西岑),9,上海,上海市,"31.16081579,121.12107232"
上海漕盈路(地铁站),上海地铁17号线(虹桥火车站--西岑),10,上海,上海市,"31.16234122,121.09227889"
上海淀山湖大道(地铁站),上海地铁17号线(虹桥火车站--西岑),11,上海,上海市,"31.1363534,121.077534"
上海朱家角(地铁站),上海地铁17号线(虹桥火车站--西岑),12,上海,上海市,"31.10255313,121.0444532"
上海东方绿舟(地铁站),上海地铁17号线(虹桥火车站--西岑),13,上海,上海市,"31.10057989,121.01509071"
上海西岑(地铁站),上海地铁17号线(虹桥火车站--西岑),14,上海,上海市,"31.07273768,120.95991769"
上海西岑(地铁站),上海地铁17号线西延线(西岑--东方绿舟),1,上海,上海市,"31.0719528,120.95791177"
上海东方绿舟(地铁站),上海地铁17号线西延线(西岑--东方绿舟),2,上海,上海市,"31.1005804,121.01509023"
上海东方绿舟(地铁站),上海地铁17号线西延线(东方绿舟--西岑),1,上海,上海市,"31.10057902,121.01509077"
上海西岑(地铁站),上海地铁17号线西延线(东方绿舟--西岑),2,上海,上海市,"31.07195293,120.95791241"
上海长江南路(地铁站),上海地铁18号线(长江南路--航头),1,上海,上海市,"31.33377914,121.48553492"
上海殷高路(地铁站),上海地铁18号线(长江南路--航头),2,上海,上海市,"31.32367229,121.49110576"
上海上海财经大学(地铁站),上海地铁18号线(长江南路--航头),3,上海,上海市,"31.30964792,121.49188118"
上海复旦大学(地铁站),上海地铁18号线(长江南路--航头),4,上海,上海市,"31.2983378,121.49509063"
上海国权路(地铁站),上海地铁18号线(长江南路--航头),5,上海,上海市,"31.29135712,121.50661606"
上海抚顺路(地铁站),上海地铁18号线(长江南路--航头),6,上海,上海市,"31.28570667,121.51141474"
上海江浦路(地铁站),上海地铁18号线(长江南路--航头),7,上海,上海市,"31.27579158,121.51456527"
上海江浦公园(地铁站),上海地铁18号线(长江南路--航头),8,上海,上海市,"31.26712275,121.51892768"
上海平凉路(地铁站),上海地铁18号线(长江南路--航头),9,上海,上海市,"31.26112237,121.52236124"
上海丹阳路(地铁站),上海地铁18号线(长江南路--航头),10,上海,上海市,"31.25591255,121.52683426"
上海昌邑路(地铁站),上海地铁18号线(长江南路--航头),11,上海,上海市,"31.24606545,121.53580731"
上海民生路(地铁站),上海地铁18号线(长江南路--航头),12,上海,上海市,"31.23676963,121.54068043"
上海杨高中路(地铁站),上海地铁18号线(长江南路--航头),13,上海,上海市,"31.22863917,121.54470458"
上海迎春路(地铁站),上海地铁18号线(长江南路--航头),14,上海,上海市,"31.22316193,121.54673172"
上海龙阳路(地铁站),上海地铁18号线(长江南路--航头),15,上海,上海市,"31.20309329,121.55234378"
上海芳芯路(地铁站),上海地铁18号线(长江南路--航头),16,上海,上海市,"31.19334585,121.55498304"
上海北中路(地铁站),上海地铁18号线(长江南路--航头),17,上海,上海市,"31.18495917,121.5571167"
上海莲溪路(地铁站),上海地铁18号线(长江南路--航头),18,上海,上海市,"31.17191715,121.56151589"
上海御桥(地铁站),上海地铁18号线(长江南路--航头),19,上海,上海市,"31.16120802,121.56724963"
上海康桥(地铁站),上海地铁18号线(长江南路--航头),20,上海,上海市,"31.13646991,121.5630824"
上海周浦(地铁站),上海地铁18号线(长江南路--航头),21,上海,上海市,"31.11637012,121.56339279"
上海繁荣路(地铁站),上海地铁18号线(长江南路--航头),22,上海,上海市,"31.10480586,121.56633198"
上海沈梅路(地铁站),上海地铁18号线(长江南路--航头),23,上海,上海市,"31.0933838,121.57638871"
上海鹤涛路(地铁站),上海地铁18号线(长江南路--航头),24,上海,上海市,"31.07414176,121.58176637"
上海下沙(地铁站),上海地铁18号线(长江南路--航头),25,上海,上海市,"31.05668885,121.5847965"
上海航头(地铁站),上海地铁18号线(长江南路--航头),26,上海,上海市,"31.03960974,121.59189642"
上海航头(地铁站),上海地铁18号线(航头--长江南路),1,上海,上海市,"31.03960923,121.59189805"
上海下沙(地铁站),上海地铁18号线(航头--长江南路),2,上海,上海市,"31.05668935,121.58479664"
上海鹤涛路(地铁站),上海地铁18号线(航头--长江南路),3,上海,上海市,"31.07414208,121.58176567"
上海沈梅路(地铁站),上海地铁18号线(航头--长江南路),4,上海,上海市,"31.09338364,121.57638905"
上海繁荣路(地铁站),上海地铁18号线(航头--长江南路),5,上海,上海市,"31.10480641,121.56633165"
上海周浦(地铁站),上海地铁18号线(航头--长江南路),6,上海,上海市,"31.11637123,121.563391"
上海康桥(地铁站),上海地铁18号线(航头--长江南路),7,上海,上海市,"31.13647009,121.56308332"
上海御桥(地铁站),上海地铁18号线(航头--长江南路),8,上海,上海市,"31.16120776,121.56725028"
上海莲溪路(地铁站),上海地铁18号线(航头--长江南路),9,上海,上海市,"31.17191746,121.56151496"
上海北中路(地铁站),上海地铁18号线(航头--长江南路),10,上海,上海市,"31.18495759,121.55711588"
上海芳芯路(地铁站),上海地铁18号线(航头--长江南路),11,上海,上海市,"31.19334626,121.55498229"
上海龙阳路(地铁站),上海地铁18号线(航头--长江南路),12,上海,上海市,"31.20309516,121.55234376"
上海迎春路(地铁站),上海地铁18号线(航头--长江南路),13,上海,上海市,"31.22316036,121.54673214"
上海杨高中路(地铁站),上海地铁18号线(航头--长江南路),14,上海,上海市,"31.22863742,121.54470527"
上海民生路(地铁站),上海地铁18号线(航头--长江南路),15,上海,上海市,"31.23677031,121.54068132"
上海昌邑路(地铁站),上海地铁18号线(航头--长江南路),16,上海,上海市,"31.24606426,121.53580741"
上海丹阳路(地铁站),上海地铁18号线(航头--长江南路),17,上海,上海市,"31.25591383,121.52683558"
上海平凉路(地铁站),上海地铁18号线(航头--长江南路),18,上海,上海市,"31.26112109,121.52236068"
上海江浦公园(地铁站),上海地铁18号线(航头--长江南路),19,上海,上海市,"31.2671232,121.51892825"
上海江浦路(地铁站),上海地铁18号线(航头--长江南路),20,上海,上海市,"31.27579219,121.5145656"
上海抚顺路(地铁站),上海地铁18号线(航头--长江南路),21,上海,上海市,"31.28570562,121.51141407"
上海国权路(地铁站),上海地铁18号线(航头--长江南路),22,上海,上海市,"31.29135595,121.50661636"
上海复旦大学(地铁站),上海地铁18号线(航头--长江南路),23,上海,上海市,"31.29833757,121.49509058"
上海上海财经大学(地铁站),上海地铁18号线(航头--长江南路),24,上海,上海市,"31.30964785,121.49188085"
上海殷高路(地铁站),上海地铁18号线(航头--长江南路),25,上海,上海市,"31.32367261,121.49110561"
上海长江南路(地铁站),上海地铁18号线(航头--长江南路),26,上海,上海市,"31.33377867,121.48553555"
上海长江南路(地铁站),上海地铁18号线二期(长江南路--康文路),1,上海,上海市,"31.33378006,121.48553472"
上海通南路(地铁站),上海地铁18号线二期(长江南路--康文路),2,上海,上海市,"31.34000575,121.47441477"
上海长江西路(地铁站),上海地铁18号线二期(长江南路--康文路),3,上海,上海市,"31.34645195,121.47128919"
上海江杨南路(地铁站),上海地铁18号线二期(长江南路--康文路),4,上海,上海市,"31.35177479,121.46075308"
上海爱辉路(地铁站),上海地铁18号线二期(长江南路--康文路),5,上海,上海市,"31.34561352,121.44372112"
上海呼兰路(地铁站),上海地铁18号线二期(长江南路--康文路),6,上海,上海市,"31.34152667,121.43185439"
上海康文路(地铁站),上海地铁18号线二期(长江南路--康文路),7,上海,上海市,"31.33728952,121.4160809"
上海康文路(地铁站),上海地铁18号线二期(康文路--长江南路),1,上海,上海市,"31.33728764,121.41608071"
上海呼兰路(地铁站),上海地铁18号线二期(康文路--长江南路),2,上海,上海市,"31.34152806,121.43185575"
上海爱辉路(地铁站),上海地铁18号线二期(康文路--长江南路),3,上海,上海市,"31.34561195,121.44372108"
上海江杨南路(地铁站),上海地铁18号线二期(康文路--长江南路),4,上海,上海市,"31.35177581,121.46075289"
上海长江西路(地铁站),上海地铁18号线二期(康文路--长江南路),5,上海,上海市,"31.34645354,121.47128982"
上海通南路(地铁站),上海地铁18号线二期(康文路--长江南路),6,上海,上海市,"31.34000626,121.47441493"
上海长江南路(地铁站),上海地铁18号线二期(康文路--长江南路),7,上海,上海市,"31.33377998,121.48553488"
上海上海宝山站(地铁站),上海地铁19号线(上海宝山站--虹建路),1,上海,上海市,"31.40602723,121.44169415"
上海铁通路(地铁站),上海地铁19号线(上海宝山站--虹建路),2,上海,上海市,"31.39379979,121.44782562"
上海铁山路(地铁站),上海地铁19号线(上海宝山站--虹建路),3,上海,上海市,"31.38581114,121.4522727"
上海兰岗路(地铁站),上海地铁19号线(上海宝山站--虹建路),4,上海,上海市,"31.37950866,121.45644015"
上海泰和路(地铁站),上海地铁19号线(上海宝山站--虹建路),5,上海,上海市,"31.36484927,121.46312685"
上海江杨南路(地铁站),上海地铁19号线(上海宝山站--虹建路),6,上海,上海市,"31.35177924,121.4607641"
上海呼玛东路(地铁站),上海地铁19号线(上海宝山站--虹建路),7,上海,上海市,"31.34529766,121.45991097"
上海一二八纪念路(地铁站),上海地铁19号线(上海宝山站--虹建路),8,上海,上海市,"31.33075921,121.46276121"
上海虹湾路(地铁站),上海地铁19号线(上海宝山站--虹建路),9,上海,上海市,"31.31410935,121.46332269"
上海车站北路(地铁站),上海地铁19号线(上海宝山站--虹建路),10,上海,上海市,"31.2990565,121.46265037"
上海广灵四路(地铁站),上海地铁19号线(上海宝山站--虹建路),11,上海,上海市,"31.28789563,121.46126157"
上海凉城路(地铁站),上海地铁19号线(上海宝山站--虹建路),12,上海,上海市,"31.28186817,121.46459547"
上海上海外国语大学(地铁站),上海地铁19号线(上海宝山站--虹建路),13,上海,上海市,"31.27680638,121.47659966"
上海甜爱路(地铁站),上海地铁19号线(上海宝山站--虹建路),14,上海,上海市,"31.26637089,121.47910971"
上海海伦路(地铁站),上海地铁19号线(上海宝山站--虹建路),15,上海,上海市,"31.26086481,121.48481888"
上海周家嘴路(地铁站),上海地铁19号线(上海宝山站--虹建路),16,上海,上海市,"31.26050577,121.49688351"
上海提篮桥(地铁站),上海地铁19号线(上海宝山站--虹建路),17,上海,上海市,"31.25516035,121.50112481"
上海浦东南路(地铁站),上海地铁19号线(上海宝山站--虹建路),18,上海,上海市,"31.23990248,121.50617086"
上海商城路(地铁站),上海地铁19号线(上海宝山站--虹建路),19,上海,上海市,"31.23197167,121.51075996"
上海潍坊路(地铁站),上海地铁19号线(上海宝山站--虹建路),20,上海,上海市,"31.22529078,121.51356864"
上海塘桥(地铁站),上海地铁19号线(上海宝山站--虹建路),21,上海,上海市,"31.21254713,121.51302823"
上海南码头路(地铁站),上海地铁19号线(上海宝山站--虹建路),22,上海,上海市,"31.1982861,121.50485237"
上海华丰路(地铁站),上海地铁19号线(上海宝山站--虹建路),23,上海,上海市,"31.19457424,121.50235564"
上海中华艺术宫南(地铁站),上海地铁19号线(上海宝山站--虹建路),24,上海,上海市,"31.18444156,121.48952369"
上海世博大道(地铁站),上海地铁19号线(上海宝山站--虹建路),25,上海,上海市,"31.18280585,121.48042542"
上海后滩(地铁站),上海地铁19号线(上海宝山站--虹建路),26,上海,上海市,"31.17363661,121.47050215"
上海德州路(地铁站),上海地铁19号线(上海宝山站--虹建路),27,上海,上海市,"31.16718756,121.47317829"
上海东方体育中心(地铁站),上海地铁19号线(上海宝山站--虹建路),28,上海,上海市,"31.15902396,121.47661283"
上海凌兆新村(地铁站),上海地铁19号线(上海宝山站--虹建路),29,上海,上海市,"31.14258887,121.48265406"
上海三林南(地铁站),上海地铁19号线(上海宝山站--虹建路),30,上海,上海市,"31.12805716,121.48112305"
上海华泾路(地铁站),上海地铁19号线(上海宝山站--虹建路),31,上海,上海市,"31.12189941,121.45231585"
上海景洪路(地铁站),上海地铁19号线(上海宝山站--虹建路),32,上海,上海市,"31.11230807,121.43635911"
上海联曹路(地铁站),上海地铁19号线(上海宝山站--虹建路),33,上海,上海市,"31.09826972,121.43910973"
上海虹建路(地铁站),上海地铁19号线(上海宝山站--虹建路),34,上海,上海市,"31.08860453,121.44040256"
上海虹建路(地铁站),上海地铁19号线(虹建路--上海宝山站),1,上海,上海市,"31.08860438,121.44040201"
上海联曹路(地铁站),上海地铁19号线(虹建路--上海宝山站),2,上海,上海市,"31.09826971,121.43910883"
上海景洪路(地铁站),上海地铁19号线(虹建路--上海宝山站),3,上海,上海市,"31.11230666,121.43635954"
上海华泾路(地铁站),上海地铁19号线(虹建路--上海宝山站),4,上海,上海市,"31.1219002,121.45231562"
上海三林南(地铁站),上海地铁19号线(虹建路--上海宝山站),5,上海,上海市,"31.12805861,121.48112258"
上海凌兆新村(地铁站),上海地铁19号线(虹建路--上海宝山站),6,上海,上海市,"31.14258907,121.48265459"
上海东方体育中心(地铁站),上海地铁19号线(虹建路--上海宝山站),7,上海,上海市,"31.15902393,121.47661248"
上海德州路(地铁站),上海地铁19号线(虹建路--上海宝山站),8,上海,上海市,"31.16718796,121.47317831"
上海后滩(地铁站),上海地铁19号线(虹建路--上海宝山站),9,上海,上海市,"31.1736371,121.47050212"
上海世博大道(地铁站),上海地铁19号线(虹建路--上海宝山站),10,上海,上海市,"31.18280684,121.48042564"
上海中华艺术宫南(地铁站),上海地铁19号线(虹建路--上海宝山站),11,上海,上海市,"31.18444272,121.48952346"
上海华丰路(地铁站),上海地铁19号线(虹建路--上海宝山站),12,上海,上海市,"31.19457289,121.50235491"
上海南码头路(地铁站),上海地铁19号线(虹建路--上海宝山站),13,上海,上海市,"31.19828577,121.50485186"
上海塘桥(地铁站),上海地铁19号线(虹建路--上海宝山站),14,上海,上海市,"31.21254648,121.51302841"
上海潍坊路(地铁站),上海地铁19号线(虹建路--上海宝山站),15,上海,上海市,"31.22529072,121.51356914"
上海商城路(地铁站),上海地铁19号线(虹建路--上海宝山站),16,上海,上海市,"31.23197308,121.51075922"
上海浦东南路(地铁站),上海地铁19号线(虹建路--上海宝山站),17,上海,上海市,"31.2399017,121.50617181"
上海提篮桥(地铁站),上海地铁19号线(虹建路--上海宝山站),18,上海,上海市,"31.25516064,121.50112546"
上海周家嘴路(地铁站),上海地铁19号线(虹建路--上海宝山站),19,上海,上海市,"31.26050498,121.49688247"
上海海伦路(地铁站),上海地铁19号线(虹建路--上海宝山站),20,上海,上海市,"31.26086406,121.48481853"
上海甜爱路(地铁站),上海地铁19号线(虹建路--上海宝山站),21,上海,上海市,"31.26637003,121.47910961"
上海上海外国语大学(地铁站),上海地铁19号线(虹建路--上海宝山站),22,上海,上海市,"31.27680821,121.4765991"
上海凉城路(地铁站),上海地铁19号线(虹建路--上海宝山站),23,上海,上海市,"31.28186771,121.46459557"
上海广灵四路(地铁站),上海地铁19号线(虹建路--上海宝山站),24,上海,上海市,"31.28789606,121.46126302"
上海车站北路(地铁站),上海地铁19号线(虹建路--上海宝山站),25,上海,上海市,"31.29905814,121.46265022"
上海虹湾路(地铁站),上海地铁19号线(虹建路--上海宝山站),26,上海,上海市,"31.3141105,121.46332241"
上海一二八纪念路(地铁站),上海地铁19号线(虹建路--上海宝山站),27,上海,上海市,"31.33075871,121.46276242"
上海呼玛东路(地铁站),上海地铁19号线(虹建路--上海宝山站),28,上海,上海市,"31.34529798,121.45991121"
上海江杨南路(地铁站),上海地铁19号线(虹建路--上海宝山站),29,上海,上海市,"31.35178103,121.46076289"
上海泰和路(地铁站),上海地铁19号线(虹建路--上海宝山站),30,上海,上海市,"31.36484953,121.46312763"
上海兰岗路(地铁站),上海地铁19号线(虹建路--上海宝山站),31,上海,上海市,"31.37950796,121.45643975"
上海铁山路(地铁站),上海地铁19号线(虹建路--上海宝山站),32,上海,上海市,"31.38581014,121.45227332"
上海铁通路(地铁站),上海地铁19号线(虹建路--上海宝山站),33,上海,上海市,"31.39379994,121.44782577"
上海上海宝山站(地铁站),上海地铁19号线(虹建路--上海宝山站),34,上海,上海市,"31.40602667,121.44169449"
上海上海马戏城(地铁站),上海地铁20号线一期东段(上海马戏城--北新园路),1,上海,上海市,"31.2812274,121.44750812"
上海凉城路(地铁站),上海地铁20号线一期东段(上海马戏城--北新园路),2,上海,上海市,"31.28178282,121.46459065"
上海广灵二路(地铁站),上海地铁20号线一期东段(上海马戏城--北新园路),3,上海,上海市,"31.28389725,121.47461483"
上海车站南路(地铁站),上海地铁20号线一期东段(上海马戏城--北新园路),4,上海,上海市,"31.29484178,121.47232333"
上海万安路(地铁站),上海地铁20号线一期东段(上海马戏城--北新园路),5,上海,上海市,"31.30300863,121.47181922"
上海江湾镇(地铁站),上海地铁20号线一期东段(上海马戏城--北新园路),6,上海,上海市,"31.30994937,121.48063291"
上海上海财经大学(地铁站),上海地铁20号线一期东段(上海马戏城--北新园路),7,上海,上海市,"31.30958144,121.49192838"
上海三门路(地铁站),上海地铁20号线一期东段(上海马戏城--北新园路),8,上海,上海市,"31.31522302,121.50393206"
上海上海体育大学(地铁站),上海地铁20号线一期东段(上海马戏城--北新园路),9,上海,上海市,"31.31677507,121.51876083"
上海嫩江路(地铁站),上海地铁20号线一期东段(上海马戏城--北新园路),10,上海,上海市,"31.31676325,121.52763621"
上海共青森林公园(地铁站),上海地铁20号线一期东段(上海马戏城--北新园路),11,上海,上海市,"31.31670099,121.54228346"
上海浦东北路(地铁站),上海地铁20号线一期东段(上海马戏城--北新园路),12,上海,上海市,"31.31855523,121.57381818"
上海张杨北路(地铁站),上海地铁20号线一期东段(上海马戏城--北新园路),13,上海,上海市,"31.31861785,121.58524372"
上海台南西路(地铁站),上海地铁20号线一期东段(上海马戏城--北新园路),14,上海,上海市,"31.31867419,121.60314082"
上海北新园路(地铁站),上海地铁20号线一期东段(上海马戏城--北新园路),15,上海,上海市,"31.3219088,121.62510111"
上海北新园路(地铁站),上海地铁20号线一期东段(北新园路--上海马戏城),1,上海,上海市,"31.32191063,121.62510102"
上海台南西路(地铁站),上海地铁20号线一期东段(北新园路--上海马戏城),2,上海,上海市,"31.31867526,121.603141"
上海张杨北路(地铁站),上海地铁20号线一期东段(北新园路--上海马戏城),3,上海,上海市,"31.31861781,121.58524508"
上海浦东北路(地铁站),上海地铁20号线一期东段(北新园路--上海马戏城),4,上海,上海市,"31.31855586,121.57381734"
上海共青森林公园(地铁站),上海地铁20号线一期东段(北新园路--上海马戏城),5,上海,上海市,"31.31670036,121.54228273"
上海嫩江路(地铁站),上海地铁20号线一期东段(北新园路--上海马戏城),6,上海,上海市,"31.31676369,121.52763576"
上海上海体育大学(地铁站),上海地铁20号线一期东段(北新园路--上海马戏城),7,上海,上海市,"31.31677442,121.51876063"
上海三门路(地铁站),上海地铁20号线一期东段(北新园路--上海马戏城),8,上海,上海市,"31.31522307,121.50393172"
上海上海财经大学(地铁站),上海地铁20号线一期东段(北新园路--上海马戏城),9,上海,上海市,"31.30958111,121.49192999"
上海江湾镇(地铁站),上海地铁20号线一期东段(北新园路--上海马戏城),10,上海,上海市,"31.3099503,121.48063229"
上海万安路(地铁站),上海地铁20号线一期东段(北新园路--上海马戏城),11,上海,上海市,"31.30300861,121.47181879"
上海车站南路(地铁站),上海地铁20号线一期东段(北新园路--上海马戏城),12,上海,上海市,"31.29484129,121.47232346"
上海广灵二路(地铁站),上海地铁20号线一期东段(北新园路--上海马戏城),13,上海,上海市,"31.28389708,121.47461416"
上海凉城路(地铁站),上海地铁20号线一期东段(北新园路--上海马戏城),14,上海,上海市,"31.2817818,121.46459042"
上海上海马戏城(地铁站),上海地铁20号线一期东段(北新园路--上海马戏城),15,上海,上海市,"31.28122668,121.44750801"
上海上海马戏城(地铁站),上海地铁20号线一期西段(上海马戏城--交通路),1,上海,上海市,"31.28122667,121.44750959"
上海大宁公园(地铁站),上海地铁20号线一期西段(上海马戏城--交通路),2,上海,上海市,"31.27762735,121.43313522"
上海平利路(地铁站),上海地铁20号线一期西段(上海马戏城--交通路),3,上海,上海市,"31.27129978,121.42615452"
上海新村路(地铁站),上海地铁20号线一期西段(上海马戏城--交通路),4,上海,上海市,"31.26647471,121.4191061"
上海真华路(地铁站),上海地铁20号线一期西段(上海马戏城--交通路),5,上海,上海市,"31.26330557,121.4081011"
上海上海西站(地铁站),上海地铁20号线一期西段(上海马戏城--交通路),6,上海,上海市,"31.26509081,121.39564932"
上海交通路(地铁站),上海地铁20号线一期西段(上海马戏城--交通路),7,上海,上海市,"31.26939197,121.37916684"
上海交通路(地铁站),上海地铁20号线一期西段(交通路--上海马戏城),1,上海,上海市,"31.26939335,121.37916714"
上海上海西站(地铁站),上海地铁20号线一期西段(交通路--上海马戏城),2,上海,上海市,"31.26509066,121.39564912"
上海真华路(地铁站),上海地铁20号线一期西段(交通路--上海马戏城),3,上海,上海市,"31.26330564,121.4081011"
上海新村路(地铁站),上海地铁20号线一期西段(交通路--上海马戏城),4,上海,上海市,"31.26647506,121.41910679"
上海平利路(地铁站),上海地铁20号线一期西段(交通路--上海马戏城),5,上海,上海市,"31.27129883,121.42615554"
上海大宁公园(地铁站),上海地铁20号线一期西段(交通路--上海马戏城),6,上海,上海市,"31.27762678,121.43313558"
上海上海马戏城(地铁站),上海地铁20号线一期西段(交通路--上海马戏城),7,上海,上海市,"31.28122725,121.44750776"
上海浦东3号航站楼(地铁站),上海地铁21号线东延伸段(浦东3号航站楼--川沙路),1,上海,上海市,"31.12098066,121.81379005"
上海上海东站(地铁站),上海地铁21号线东延伸段(浦东3号航站楼--川沙路),2,上海,上海市,"31.12217629,121.77982256"
上海金闻路(地铁站),上海地铁21号线东延伸段(浦东3号航站楼--川沙路),3,上海,上海市,"31.12005187,121.77028198"
上海闻居路(地铁站),上海地铁21号线东延伸段(浦东3号航站楼--川沙路),4,上海,上海市,"31.13274276,121.75986215"
上海施新路(地铁站),上海地铁21号线东延伸段(浦东3号航站楼--川沙路),5,上海,上海市,"31.15077531,121.75388731"
上海川沙路(地铁站),上海地铁21号线东延伸段(浦东3号航站楼--川沙路),6,上海,上海市,"31.15319166,121.70816512"
上海川沙路(地铁站),上海地铁21号线东延伸段(川沙路--浦东3号航站楼),1,上海,上海市,"31.15319318,121.70816506"
上海施新路(地铁站),上海地铁21号线东延伸段(川沙路--浦东3号航站楼),2,上海,上海市,"31.15077494,121.75388661"
上海闻居路(地铁站),上海地铁21号线东延伸段(川沙路--浦东3号航站楼),3,上海,上海市,"31.13274247,121.75986282"
上海金闻路(地铁站),上海地铁21号线东延伸段(川沙路--浦东3号航站楼),4,上海,上海市,"31.12005088,121.77028202"
上海上海东站(地铁站),上海地铁21号线东延伸段(川沙路--浦东3号航站楼),5,上海,上海市,"31.12217519,121.77982155"
上海浦东3号航站楼(地铁站),上海地铁21号线东延伸段(川沙路--浦东3号航站楼),6,上海,上海市,"31.12097939,121.81378977"
上海浦东3号航站楼(地铁站),上海地铁21号线东延伸段(浦东3号航站楼--川沙路),1,上海,上海市,"31.12097943,121.81378963"
上海上海东站(地铁站),上海地铁21号线东延伸段(浦东3号航站楼--川沙路),2,上海,上海市,"31.12217531,121.77982129"
上海金闻路(地铁站),上海地铁21号线东延伸段(浦东3号航站楼--川沙路),3,上海,上海市,"31.12005032,121.77028076"
上海闻居路(地铁站),上海地铁21号线东延伸段(浦东3号航站楼--川沙路),4,上海,上海市,"31.13274135,121.75986173"
上海施新路(地铁站),上海地铁21号线东延伸段(浦东3号航站楼--川沙路),5,上海,上海市,"31.15077533,121.75388774"
上海川沙路(地铁站),上海地铁21号线东延伸段(浦东3号航站楼--川沙路),6,上海,上海市,"31.15319346,121.70816478"
上海川沙路(地铁站),上海地铁21号线东延伸段(川沙路--浦东3号航站楼),1,上海,上海市,"31.15319147,121.70816472"
上海施新路(地铁站),上海地铁21号线东延伸段(川沙路--浦东3号航站楼),2,上海,上海市,"31.15077598,121.75388833"
上海闻居路(地铁站),上海地铁21号线东延伸段(川沙路--浦东3号航站楼),3,上海,上海市,"31.13274215,121.75986173"
上海金闻路(地铁站),上海地铁21号线东延伸段(川沙路--浦东3号航站楼),4,上海,上海市,"31.1200516,121.77028152"
上海上海东站(地铁站),上海地铁21号线东延伸段(川沙路--浦东3号航站楼),5,上海,上海市,"31.12217627,121.77982207"
上海浦东3号航站楼(地铁站),上海地铁21号线东延伸段(川沙路--浦东3号航站楼),6,上海,上海市,"31.12097962,121.81379006"
上海长兴岛(地铁站),上海地铁22号线二期(长兴岛--裕安),1,上海,上海市,"31.39123954,121.71684634"
上海陈家镇(地铁站),上海地铁22号线二期(长兴岛--裕安),2,上海,上海市,"31.4925256,121.78875846"
上海东滩(地铁站),上海地铁22号线二期(长兴岛--裕安),3,上海,上海市,"31.5025665,121.85204501"
上海裕安(地铁站),上海地铁22号线二期(长兴岛--裕安),4,上海,上海市,"31.52652242,121.85754086"
上海裕安(地铁站),上海地铁22号线二期(裕安--长兴岛),1,上海,上海市,"31.52652286,121.85754093"
上海东滩(地铁站),上海地铁22号线二期(裕安--长兴岛),2,上海,上海市,"31.50256801,121.85204487"
上海陈家镇(地铁站),上海地铁22号线二期(裕安--长兴岛),3,上海,上海市,"31.49252507,121.78875849"
上海长兴岛(地铁站),上海地铁22号线二期(裕安--长兴岛),4,上海,上海市,"31.39123973,121.71684477"
上海金吉路(地铁站),上海地铁22号线一期(金吉路--长兴岛),1,上海,上海市,"31.26651444,121.62108092"
上海申江路(地铁站),上海地铁22号线一期(金吉路--长兴岛),2,上海,上海市,"31.28191253,121.62108153"
上海高宝路(地铁站),上海地铁22号线一期(金吉路--长兴岛),3,上海,上海市,"31.29400097,121.62224656"
上海凌空北路(地铁站),上海地铁22号线一期(金吉路--长兴岛),4,上海,上海市,"31.29568763,121.66827346"
上海长兴岛(地铁站),上海地铁22号线一期(金吉路--长兴岛),5,上海,上海市,"31.39124082,121.7168448"
上海长兴岛(地铁站),上海地铁22号线一期(长兴岛--金吉路),1,上海,上海市,"31.39124054,121.7168464"
上海凌空北路(地铁站),上海地铁22号线一期(长兴岛--金吉路),2,上海,上海市,"31.2956878,121.66827338"
上海高宝路(地铁站),上海地铁22号线一期(长兴岛--金吉路),3,上海,上海市,"31.29400163,121.6222454"
上海申江路(地铁站),上海地铁22号线一期(长兴岛--金吉路),4,上海,上海市,"31.28191232,121.62108301"
上海金吉路(地铁站),上海地铁22号线一期(长兴岛--金吉路),5,上海,上海市,"31.26651451,121.62108169"
上海东川路(地铁站),上海地铁23号线(东川路--上海体育场),1,上海,上海市,"31.02014483,121.41524546"
上海交大紫竹路(地铁站),上海地铁23号线(东川路--上海体育场),2,上海,上海市,"31.02063857,121.43072058"
上海紫竹高新区(地铁站),上海地铁23号线(东川路--上海体育场),3,上海,上海市,"31.02565891,121.44644148"
上海华东师范大学(地铁站),上海地铁23号线(东川路--上海体育场),4,上海,上海市,"31.02959094,121.46081516"
上海紫龙路(地铁站),上海地铁23号线(东川路--上海体育场),5,上海,上海市,"31.03585716,121.46484252"
上海吴泾(地铁站),上海地铁23号线(东川路--上海体育场),6,上海,上海市,"31.05129158,121.46171223"
上海北吴路(地铁站),上海地铁23号线(东川路--上海体育场),7,上海,上海市,"31.06472489,121.45773166"
上海墨江路(地铁站),上海地铁23号线(东川路--上海体育场),8,上海,上海市,"31.07464369,121.45549043"
上海澄江路(地铁站),上海地铁23号线(东川路--上海体育场),9,上海,上海市,"31.08615217,121.4550571"
上海吴泾北(地铁站),上海地铁23号线(东川路--上海体育场),10,上海,上海市,"31.09653713,121.45208364"
上海景联路(地铁站),上海地铁23号线(东川路--上海体育场),11,上海,上海市,"31.10332871,121.44993881"
上海华泾路(地铁站),上海地铁23号线(东川路--上海体育场),12,上海,上海市,"31.1219356,121.45231401"
上海徐浦大桥(地铁站),上海地铁23号线(东川路--上海体育场),13,上海,上海市,"31.12912103,121.45138515"
上海龙吴路(地铁站),上海地铁23号线(东川路--上海体育场),14,上海,上海市,"31.13811049,121.44836064"
上海上海植物园(地铁站),上海地铁23号线(东川路--上海体育场),15,上海,上海市,"31.15097156,121.44584458"
上海龙启路(地铁站),上海地铁23号线(东川路--上海体育场),16,上海,上海市,"31.16054494,121.44467545"
上海龙漕路(地铁站),上海地铁23号线(东川路--上海体育场),17,上海,上海市,"31.17136189,121.43978304"
上海上海体育场(地铁站),上海地铁23号线(东川路--上海体育场),18,上海,上海市,"31.18749669,121.43891767"
上海上海体育场(地铁站),上海地铁23号线(上海体育场--东川路),1,上海,上海市,"31.18749542,121.43891769"
上海龙漕路(地铁站),上海地铁23号线(上海体育场--东川路),2,上海,上海市,"31.17136215,121.43978477"
上海龙启路(地铁站),上海地铁23号线(上海体育场--东川路),3,上海,上海市,"31.16054527,121.44467558"
上海上海植物园(地铁站),上海地铁23号线(上海体育场--东川路),4,上海,上海市,"31.15097095,121.4458442"
上海龙吴路(地铁站),上海地铁23号线(上海体育场--东川路),5,上海,上海市,"31.13811089,121.44836085"
上海徐浦大桥(地铁站),上海地铁23号线(上海体育场--东川路),6,上海,上海市,"31.12912147,121.45138569"
上海华泾路(地铁站),上海地铁23号线(上海体育场--东川路),7,上海,上海市,"31.12193658,121.45231379"
上海景联路(地铁站),上海地铁23号线(上海体育场--东川路),8,上海,上海市,"31.10332754,121.44993851"
上海吴泾北(地铁站),上海地铁23号线(上海体育场--东川路),9,上海,上海市,"31.09653685,121.45208264"
上海澄江路(地铁站),上海地铁23号线(上海体育场--东川路),10,上海,上海市,"31.08615404,121.45505662"
上海墨江路(地铁站),上海地铁23号线(上海体育场--东川路),11,上海,上海市,"31.07464371,121.4554909"
上海北吴路(地铁站),上海地铁23号线(上海体育场--东川路),12,上海,上海市,"31.06472487,121.45773032"
上海吴泾(地铁站),上海地铁23号线(上海体育场--东川路),13,上海,上海市,"31.05129097,121.46171257"
上海紫龙路(地铁站),上海地铁23号线(上海体育场--东川路),14,上海,上海市,"31.03585663,121.46484111"
上海华东师范大学(地铁站),上海地铁23号线(上海体育场--东川路),15,上海,上海市,"31.02958981,121.46081566"
上海紫竹高新区(地铁站),上海地铁23号线(上海体育场--东川路),16,上海,上海市,"31.02565809,121.44644102"
上海交大紫竹路(地铁站),上海地铁23号线(上海体育场--东川路),17,上海,上海市,"31.02063905,121.43072056"
上海东川路(地铁站),上海地铁23号线(上海体育场--东川路),18,上海,上海市,"31.02014435,121.415246"
上海城北路(地铁站),上海地铁嘉闵线(城北路--银都路),1,上海,上海市,"31.39554842,121.23041245"
上海新成路(地铁站),上海地铁嘉闵线(城北路--银都路),2,上海,上海市,"31.4056926,121.26148995"
上海叶城路(地铁站),上海地铁嘉闵线(城北路--银都路),3,上海,上海市,"31.3775608,121.2770531"
上海嘉定新城东(地铁站),上海地铁嘉闵线(城北路--银都路),4,上海,上海市,"31.35083636,121.29071116"
上海南翔(地铁站),上海地铁嘉闵线(城北路--银都路),5,上海,上海市,"31.29614352,121.31715351"
上海乐秀路(地铁站),上海地铁嘉闵线(城北路--银都路),6,上海,上海市,"31.26721275,121.30965291"
上海金运路(地铁站),上海地铁嘉闵线(城北路--银都路),7,上海,上海市,"31.24293894,121.31549025"
上海北翟路(地铁站),上海地铁嘉闵线(城北路--银都路),8,上海,上海市,"31.21795469,121.31840059"
上海虹桥2号航站楼(地铁站),上海地铁嘉闵线(城北路--银都路),9,上海,上海市,"31.19608323,121.31994202"
上海申滨南路(地铁站),上海地铁嘉闵线(城北路--银都路),10,上海,上海市,"31.17755625,121.32271877"
上海七宝北(地铁站),上海地铁嘉闵线(城北路--银都路),11,上海,上海市,"31.16561456,121.33899405"
上海七宝(地铁站),上海地铁嘉闵线(城北路--银都路),12,上海,上海市,"31.1567765,121.34394472"
上海七莘路(地铁站),上海地铁嘉闵线(城北路--银都路),13,上海,上海市,"31.13438511,121.35921538"
上海莘建东路(地铁站),上海地铁嘉闵线(城北路--银都路),14,上海,上海市,"31.11152319,121.37451599"
上海银都路(地铁站),上海地铁嘉闵线(城北路--银都路),15,上海,上海市,"31.09123462,121.38562561"
上海银都路(地铁站),上海地铁嘉闵线(银都路--城北路),1,上海,上海市,"31.09123476,121.38562554"
上海莘建东路(地铁站),上海地铁嘉闵线(银都路--城北路),2,上海,上海市,"31.11152379,121.37451436"
上海七莘路(地铁站),上海地铁嘉闵线(银都路--城北路),3,上海,上海市,"31.13438576,121.35921386"
上海七宝(地铁站),上海地铁嘉闵线(银都路--城北路),4,上海,上海市,"31.15677499,121.34394534"
上海七宝北(地铁站),上海地铁嘉闵线(银都路--城北路),5,上海,上海市,"31.16561378,121.33899231"
上海申滨南路(地铁站),上海地铁嘉闵线(银都路--城北路),6,上海,上海市,"31.1775566,121.32271968"
上海虹桥2号航站楼(地铁站),上海地铁嘉闵线(银都路--城北路),7,上海,上海市,"31.19608342,121.31994056"
上海北翟路(地铁站),上海地铁嘉闵线(银都路--城北路),8,上海,上海市,"31.21795554,121.31839906"
上海金运路(地铁站),上海地铁嘉闵线(银都路--城北路),9,上海,上海市,"31.24293967,121.31548992"
上海乐秀路(地铁站),上海地铁嘉闵线(银都路--城北路),10,上海,上海市,"31.26721352,121.30965279"
上海南翔(地铁站),上海地铁嘉闵线(银都路--城北路),11,上海,上海市,"31.29614209,121.31715344"
上海嘉定新城东(地铁站),上海地铁嘉闵线(银都路--城北路),12,上海,上海市,"31.35083649,121.2907125"
上海叶城路(地铁站),上海地铁嘉闵线(银都路--城北路),13,上海,上海市,"31.3775621,121.27705302"
上海新成路(地铁站),上海地铁嘉闵线(银都路--城北路),14,上海,上海市,"31.40569217,121.26148986"
上海城北路(地铁站),上海地铁嘉闵线(银都路--城北路),15,上海,上海市,"31.39554908,121.23041175"
上海滴水湖北(地铁站),上海地铁南汇支线(滴水湖北--浦东3号航站楼),1,上海,上海市,"30.92624295,121.93678118"
上海星海湾路(地铁站),上海地铁南汇支线(滴水湖北--浦东3号航站楼),2,上海,上海市,"30.95674079,121.93712912"
上海滨海森林公园(地铁站),上海地铁南汇支线(滴水湖北--浦东3号航站楼),3,上海,上海市,"30.97501096,121.90361069"
上海鹏翔路(地铁站),上海地铁南汇支线(滴水湖北--浦东3号航站楼),4,上海,上海市,"31.07732334,121.84033741"
上海浦东3号航站楼(地铁站),上海地铁南汇支线(滴水湖北--浦东3号航站楼),5,上海,上海市,"31.12089419,121.81374132"
上海浦东3号航站楼(地铁站),上海地铁南汇支线(浦东3号航站楼--滴水湖北),1,上海,上海市,"31.12089407,121.81374166"
上海鹏翔路(地铁站),上海地铁南汇支线(浦东3号航站楼--滴水湖北),2,上海,上海市,"31.07732168,121.84033722"
上海滨海森林公园(地铁站),上海地铁南汇支线(浦东3号航站楼--滴水湖北),3,上海,上海市,"30.97501001,121.90361219"
上海星海湾路(地铁站),上海地铁南汇支线(浦东3号航站楼--滴水湖北),4,上海,上海市,"30.95674032,121.93712888"
上海滴水湖北(地铁站),上海地铁南汇支线(浦东3号航站楼--滴水湖北),5,上海,上海市,"30.92624295,121.93678226"
上海虹桥火车站(地铁站),上海地铁示范区线(虹桥火车站--水乡客厅),1,上海,上海市,"31.19609786,121.31991397"
上海前湾公园(地铁站),上海地铁示范区线(虹桥火车站--水乡客厅),2,上海,上海市,"31.22211704,121.26895187"
上海徐乐北路(地铁站),上海地铁示范区线(虹桥火车站--水乡客厅),3,上海,上海市,"31.19811689,121.2275964"
上海赵重公路(地铁站),上海地铁示范区线(虹桥火车站--水乡客厅),4,上海,上海市,"31.19194862,121.18128187"
上海华青路(地铁站),上海地铁示范区线(虹桥火车站--水乡客厅),5,上海,上海市,"31.18865406,121.12538147"
上海青浦新城(地铁站),上海地铁示范区线(虹桥火车站--水乡客厅),6,上海,上海市,"31.16051156,121.11995791"
上海青浦新城南(地铁站),上海地铁示范区线(虹桥火车站--水乡客厅),7,上海,上海市,"31.12347363,121.09785629"
上海朱家角(地铁站),上海地铁示范区线(虹桥火车站--水乡客厅),8,上海,上海市,"31.09551271,121.04980962"
上海西岑(地铁站),上海地铁示范区线(虹桥火车站--水乡客厅),9,上海,上海市,"31.07224548,120.95778519"
上海水乡客厅(地铁站),上海地铁示范区线(虹桥火车站--水乡客厅),10,上海,上海市,"31.03917674,120.91351542"
上海水乡客厅(地铁站),上海地铁示范区线(水乡客厅--虹桥火车站),1,上海,上海市,"31.03917571,120.91351444"
上海西岑(地铁站),上海地铁示范区线(水乡客厅--虹桥火车站),2,上海,上海市,"31.07224618,120.95778503"
上海朱家角(地铁站),上海地铁示范区线(水乡客厅--虹桥火车站),3,上海,上海市,"31.09551127,121.04981054"
上海青浦新城南(地铁站),上海地铁示范区线(水乡客厅--虹桥火车站),4,上海,上海市,"31.12347408,121.09785609"
上海青浦新城(地铁站),上海地铁示范区线(水乡客厅--虹桥火车站),5,上海,上海市,"31.16051305,121.11995958"
上海华青路(地铁站),上海地铁示范区线(水乡客厅--虹桥火车站),6,上海,上海市,"31.18865443,121.12538139"
上海赵重公路(地铁站),上海地铁示范区线(水乡客厅--虹桥火车站),7,上海,上海市,"31.19194723,121.1812835"
上海徐乐北路(地铁站),上海地铁示范区线(水乡客厅--虹桥火车站),8,上海,上海市,"31.19811789,121.22759744"
上海前湾公园(地铁站),上海地铁示范区线(水乡客厅--虹桥火车站),9,上海,上海市,"31.22211711,121.26895154"
上海虹桥火车站(地铁站),上海地铁示范区线(水乡客厅--虹桥火车站),10,上海,上海市,"31.19609727,121.31991297"
上海汇臻路(地铁站),上海轨道交通浦江线(汇臻路--沈杜公路),1,上海,上海市,"31.0274462,121.52022983"
上海东城一路(地铁站),上海轨道交通浦江线(汇臻路--沈杜公路),2,上海,上海市,"31.03260803,121.5277891"
上海浦航路(地铁站),上海轨道交通浦江线(汇臻路--沈杜公路),3,上海,上海市,"31.04320141,121.52628263"
上海闵瑞路(地铁站),上海轨道交通浦江线(汇臻路--沈杜公路),4,上海,上海市,"31.05015835,121.52601324"
上海三鲁公路(地铁站),上海轨道交通浦江线(汇臻路--沈杜公路),5,上海,上海市,"31.05829768,121.52306848"
上海沈杜公路(地铁站),上海轨道交通浦江线(汇臻路--沈杜公路),6,上海,上海市,"31.06315621,121.50809494"
上海沈杜公路(地铁站),上海轨道交通浦江线(沈杜公路--汇臻路),1,上海,上海市,"31.06315652,121.50809524"
上海三鲁公路(地铁站),上海轨道交通浦江线(沈杜公路--汇臻路),2,上海,上海市,"31.05829794,121.52306887"
上海闵瑞路(地铁站),上海轨道交通浦江线(沈杜公路--汇臻路),3,上海,上海市,"31.05015842,121.52601273"
上海浦航路(地铁站),上海轨道交通浦江线(沈杜公路--汇臻路),4,上海,上海市,"31.04320062,121.52628117"
上海东城一路(地铁站),上海轨道交通浦江线(沈杜公路--汇臻路),5,上海,上海市,"31.03260805,121.52778981"
上海汇臻路(地铁站),上海轨道交通浦江线(沈杜公路--汇臻路),6,上海,上海市,"31.0274451,121.52023015"
上海枫泾站(地铁站),上海南枫线(枫泾站--滴水湖北),1,上海,上海市,"30.89467369,121.02687211"
上海金山北站(地铁站),上海南枫线(枫泾站--滴水湖北),2,上海,上海市,"30.89425122,121.08716987"
上海朱泾(地铁站),上海南枫线(枫泾站--滴水湖北),3,上海,上海市,"30.88722156,121.14786347"
上海朱泾东(地铁站),上海南枫线(枫泾站--滴水湖北),4,上海,上海市,"30.89728634,121.21690897"
上海亭林(地铁站),上海南枫线(枫泾站--滴水湖北),5,上海,上海市,"30.8952282,121.35380417"
上海环城西路(地铁站),上海南枫线(枫泾站--滴水湖北),6,上海,上海市,"30.9263186,121.43505744"
上海望园路(地铁站),上海南枫线(枫泾站--滴水湖北),7,上海,上海市,"30.93472616,121.47845041"
上海金大公路(地铁站),上海南枫线(枫泾站--滴水湖北),8,上海,上海市,"30.95076844,121.51130395"
上海青村(地铁站),上海南枫线(枫泾站--滴水湖北),9,上海,上海市,"30.93248346,121.58000503"
上海奉城(地铁站),上海南枫线(枫泾站--滴水湖北),10,上海,上海市,"30.92750836,121.63772176"
上海四团(地铁站),上海南枫线(枫泾站--滴水湖北),11,上海,上海市,"30.89143981,121.74055925"
上海泥城(地铁站),上海南枫线(枫泾站--滴水湖北),12,上海,上海市,"30.89509524,121.80990573"
上海花柏路(地铁站),上海南枫线(枫泾站--滴水湖北),13,上海,上海市,"30.90762258,121.89442455"
上海滴水湖(地铁站),上海南枫线(枫泾站--滴水湖北),14,上海,上海市,"30.91197041,121.9245263"
上海滴水湖北(地铁站),上海南枫线(枫泾站--滴水湖北),15,上海,上海市,"30.92624301,121.93678227"
上海滴水湖北(地铁站),上海南枫线(滴水湖北--枫泾站),1,上海,上海市,"30.9262438,121.93678227"
上海滴水湖(地铁站),上海南枫线(滴水湖北--枫泾站),2,上海,上海市,"30.91197168,121.92452786"
上海花柏路(地铁站),上海南枫线(滴水湖北--枫泾站),3,上海,上海市,"30.90762288,121.89442509"
上海泥城(地铁站),上海南枫线(滴水湖北--枫泾站),4,上海,上海市,"30.89509624,121.80990742"
上海四团(地铁站),上海南枫线(滴水湖北--枫泾站),5,上海,上海市,"30.89144046,121.74055831"
上海奉城(地铁站),上海南枫线(滴水湖北--枫泾站),6,上海,上海市,"30.92750886,121.63772215"
上海青村(地铁站),上海南枫线(滴水湖北--枫泾站),7,上海,上海市,"30.93248293,121.58000602"
上海金大公路(地铁站),上海南枫线(滴水湖北--枫泾站),8,上海,上海市,"30.95076852,121.51130374"
上海望园路(地铁站),上海南枫线(滴水湖北--枫泾站),9,上海,上海市,"30.93472649,121.47845146"
上海环城西路(地铁站),上海南枫线(滴水湖北--枫泾站),10,上海,上海市,"30.92631976,121.43505741"
上海亭林(地铁站),上海南枫线(滴水湖北--枫泾站),11,上海,上海市,"30.89522845,121.353804"
上海朱泾东(地铁站),上海南枫线(滴水湖北--枫泾站),12,上海,上海市,"30.8972877,121.21690887"
上海朱泾(地铁站),上海南枫线(滴水湖北--枫泾站),13,上海,上海市,"30.88722177,121.14786246"
上海金山北站(地铁站),上海南枫线(滴水湖北--枫泾站),14,上海,上海市,"30.89425219,121.0871702"
上海枫泾站(地铁站),上海南枫线(滴水湖北--枫泾站),15,上海,上海市,"30.8946745,121.02687258"
上海浦东1号2号航站楼(地铁站),上海市域机场线后通段(浦东1号2号航站楼--上海东站),1,上海,上海市,"31.15505002,121.80097947"
上海浦东机场3号航站楼(地铁站),上海市域机场线后通段(浦东1号2号航站楼--上海东站),2,上海,上海市,"31.12083743,121.81363161"
上海上海东站(地铁站),上海市域机场线后通段(浦东1号2号航站楼--上海东站),3,上海,上海市,"31.11339217,121.77849762"
上海上海东站(地铁站),上海市域机场线后通段(上海东站--浦东1号2号航站楼),1,上海,上海市,"31.11339143,121.77849809"
上海浦东机场3号航站楼(地铁站),上海市域机场线后通段(上海东站--浦东1号2号航站楼),2,上海,上海市,"31.12083857,121.81363129"
上海浦东1号2号航站楼(地铁站),上海市域机场线后通段(上海东站--浦东1号2号航站楼),3,上海,上海市,"31.15504826,121.80097944"
上海浦东1号2号航站楼(地铁站),上海市域机场线后通段(浦东1号2号航站楼--上海东站),1,上海,上海市,"31.15504831,121.800981"
上海浦东机场3号航站楼(地铁站),上海市域机场线后通段(浦东1号2号航站楼--上海东站),2,上海,上海市,"31.12083781,121.81363029"
上海上海东站(地铁站),上海市域机场线后通段(浦东1号2号航站楼--上海东站),3,上海,上海市,"31.11339203,121.77849661"
上海上海东站(地铁站),上海市域机场线后通段(上海东站--浦东1号2号航站楼),1,上海,上海市,"31.11339192,121.77849711"
上海浦东机场3号航站楼(地铁站),上海市域机场线后通段(上海东站--浦东1号2号航站楼),2,上海,上海市,"31.12083714,121.81363089"
上海浦东1号2号航站楼(地铁站),上海市域机场线后通段(上海东站--浦东1号2号航站楼),3,上海,上海市,"31.15504859,121.80098052"
